title,rating_value,rating_count,rated,duration,genre,date,country,summary,directors,writers,stars,metascore,reviews,critic,popularity
The Shawshank Redemption,9.3,"2,167,627",R,2h 22min,Drama,14 October 1994,USA,"Two imprisoned men bond over a number of years, finding solace and eventual redemption through acts of common decency.",Frank Darabont,"Stephen King,Frank Darabont","Tim Robbins,Morgan Freeman,Bob Gunton,See full cast & crew",80,"7,104",224,108
Like Stars on Earth,8.4,"149,599",PG,2h 45min,"Drama,Family",21 December 2007,India,"An eight-year-old boy is thought to be a lazy trouble-maker, until the new art teacher has the patience and compassion to discover the real problem behind his struggles in school.","Aamir Khan,Amole Gupte","Amole Gupte,Amole Gupte","Darsheel Safary,Aamir Khan,Tisca Chopra,See full cast & crew",,356,33,"3,359"
Star Wars: Episode VI - Return of the Jedi,8.3,"886,636",PG,2h 11min,"Action,Adventure,Fantasy",25 May 1983,USA,"After a daring mission to rescue Han Solo from Jabba the Hutt, the Rebels dispatch to Endor to destroy the second Death Star. Meanwhile, Luke struggles to help Darth Vader back from the dark side without falling into the Emperor's trap.",Richard Marquand,"Lawrence Kasdan,George Lucas,1 more credit","Mark Hamill,Harrison Ford,Carrie Fisher,See full cast & crew",58,756,187,143
Braveheart,8.3,"911,412",R,2h 58min,"Biography,Drama,History",24 May 1995,USA,"When his secret bride is executed for assaulting an English soldier who tried to rape her, William Wallace begins a revolt against King Edward I of England.",Mel Gibson,,"Mel Gibson,Sophie Marceau,Patrick McGoohan,See full cast & crew",68,"1,198",151,547
Coco,8.4,"309,698",PG,1h 45min,"Animation,Adventure,Family",22 November 2017,USA,"Aspiring musician Miguel, confronted with his family's ancestral ban on music, enters the Land of the Dead to find his great-great-grandfather, a legendary singer.","Lee Unkrich,Adrian Molina","Lee Unkrich,Jason Katz,4 more credits","Anthony Gonzalez,Gael García Bernal,Benjamin Bratt,See full cast & crew",81,939,395,340
Toy Story,8.3,"826,310",G,1h 21min,"Animation,Adventure,Comedy",22 November 1995,USA,A cowboy doll is profoundly threatened and jealous when a new spaceman figure supplants him as top toy in a boy's room.,John Lasseter,"John Lasseter,Pete Docter,6 more credits","Tom Hanks,Tim Allen,Don Rickles,See full cast & crew",95,542,193,517
3 Idiots,8.4,"312,364",PG-13,2h 50min,"Comedy,Drama",25 December 2009,Indonesia,"Two friends are searching for their long lost companion. They revisit their college days and recall the memories of their friend who inspired them to think differently, even as the rest of the world called them ""idiots"".",Rajkumar Hirani,"Rajkumar Hirani,Abhijat Joshi,3 more credits","Aamir Khan,Madhavan,Mona Singh,See full cast & crew",67,525,54,"1,233"
Das Boot,8.3,"216,721",R,2h 29min,"Adventure,Drama,Thriller",10 February 1982,USA,"The claustrophobic world of a WWII German U-boat; boredom, filth and sheer terror.",Wolfgang Petersen,"Wolfgang Petersen,Lothar G. Buchheim","Jürgen Prochnow,Herbert Grönemeyer,Klaus Wennemann,See full cast & crew",86,469,108,"1,957"
Your Name.,8.4,"150,660",PG,1h 46min,"Animation,Drama,Fantasy",7 April 2017,USA,"Two strangers find themselves linked in a bizarre way. When a connection forms, will distance be the only thing to keep them apart?",Makoto Shinkai,"Makoto Shinkai,Makoto Shinkai,1 more credit","Ryûnosuke Kamiki,Mone Kamishiraishi,Ryô Narita,See full cast & crew",79,481,216,718
American Beauty,8.3,"1,012,187",R,2h 2min,Drama,1 October 1999,USA,A sexually frustrated suburban father has a mid-life crisis after becoming infatuated with his daughter's best friend.,Sam Mendes,,"Kevin Spacey,Annette Bening,Thora Birch,See full cast & crew",84,"2,816",194,373
Witness for the Prosecution,8.4,"96,915",Not Rated,1h 56min,"Crime,Drama,Film-Noir",6 February 1958,USA,A veteran British barrister must defend his client in a murder trial that has surprise after surprise.,Billy Wilder,"Agatha Christie,Billy Wilder,2 more credits","Tyrone Power,Marlene Dietrich,Charles Laughton,See full cast & crew",,238,95,"3,787"
Aliens,8.4,"616,188",R,2h 17min,"Action,Adventure,Sci-Fi",18 July 1986,USA,"Ellen Ripley is rescued by a deep salvage team after being in hypersleep for 57 years. The moon that the Nostromo visited has been colonized, but contact is lost. This time, colonial marines have impressive firepower, but will that be enough?",James Cameron,"James Cameron,David Giler,4 more credits","Sigourney Weaver,Michael Biehn,Carrie Henn,See full cast & crew",84,"1,218",302,617
Once Upon a Time in America,8.4,"287,268",R,3h 49min,"Crime,Drama",1 June 1984,USA,"A former Prohibition-era Jewish gangster returns to the Lower East Side of Manhattan over thirty years later, where he once again must confront the ghosts and regrets of his old life.",Sergio Leone,"Harry Grey,Leonardo Benvenuti,6 more credits","Robert De Niro,James Woods,Elizabeth McGovern,See full cast & crew",,625,123,264
Castle in the Sky,8.0,"132,231",PG,2h 5min,"Animation,Adventure,Drama",19 July 1991,USA,A young boy and a girl with a magic crystal must race against pirates and foreign agents in a search for a legendary floating castle.,Hayao Miyazaki,,"Anna Paquin,James Van Der Beek,Cloris Leachman,See full cast & crew",78,213,147,"4,017"
Dr. Strangelove or: How I Learned to Stop Worrying and Love the Bomb,8.4,"425,240",PG,1h 35min,Comedy,29 January 1964,USA,An insane general triggers a path to nuclear holocaust that a War Room full of politicians and generals frantically tries to stop.,Stanley Kubrick,"Stanley Kubrick,Terry Southern,2 more credits","Peter Sellers,George C. Scott,Sterling Hayden,See full cast & crew",97,899,227,"1,509"
Oldboy,8.4,"474,565",R,2h,"Action,Drama,Mystery",21 November 2003,South Korea,"After being kidnapped and imprisoned for fifteen years, Oh Dae-Su is released, only to find that he must find his captor in five days.",Chan-wook Park,"Garon Tsuchiya,Nobuaki Minegishi,4 more credits","Min-sik Choi,Ji-Tae Yoo,Hye-jeong Kang,See full cast & crew",77,929,328,677
The Battle of Algiers,8.1,"48,661",Not Rated,2h 1min,"Drama,War",20 September 1967,USA,"In the 1950s, fear and violence escalate as the people of Algiers fight for independence from the French government.",Gillo Pontecorvo,"Franco Solinas,Franco Solinas,1 more credit","Brahim Hadjadj,Jean Martin,Yacef Saadi,See full cast & crew",95,279,147,"2,985"
Infernal Affairs,8.1,"113,538",R,1h 41min,"Crime,Drama,Mystery",12 December 2002,Hong Kong,"A story between a mole in the police department and an undercover cop. Their objectives are the same: to find out who is the mole, and who is the cop.","Andrew Lau,Alan Mak","Alan Mak,Felix Chong","Andy Lau,Tony Chiu-Wai Leung,Anthony Chau-Sang Wong,See full cast & crew",75,205,176,"3,270"
The Dark Knight Rises,8.4,"1,426,039",PG-13,2h 44min,"Action,Thriller",20 July 2012,USA,"Eight years after the Joker's reign of anarchy, Batman, with the help of the enigmatic Catwoman, is forced from his exile to save Gotham City from the brutal guerrilla terrorist Bane.",Christopher Nolan,"Jonathan Nolan,Christopher Nolan,3 more credits","Christian Bale,Tom Hardy,Anne Hathaway,See full cast & crew",78,"2,886",836,179
Munna Bhai M.B.B.S.,8.1,"67,676",Not Rated,2h 36min,"Comedy,Drama,Musical",19 December 2003,India,A gangster sets out to fulfill his father's dream of becoming a doctor.,Rajkumar Hirani,"Vidhu Vinod Chopra,Rajkumar Hirani,3 more credits","Sanjay Dutt,Arshad Warsi,Gracy Singh,See full cast & crew",,72,4,
Aladdin,8.0,"340,241",G,1h 30min,"Animation,Adventure,Comedy",25 November 1992,USA,A kindhearted street urchin and a power-hungry Grand Vizier vie for a magic lamp that has the power to make their deepest wishes come true.,"Ron Clements,John Musker","Ron Clements,John Musker,18 more credits","Scott Weinger,Robin Williams,Linda Larkin,See full cast & crew",86,297,154,501
Guardians of the Galaxy,8.0,"984,948",PG-13,2h 1min,"Action,Adventure,Comedy",1 August 2014,USA,A group of intergalactic criminals must pull together to stop a fanatical warrior with plans to purge the universe.,James Gunn,"James Gunn,Nicole Perlman,9 more credits","Chris Pratt,Vin Diesel,Bradley Cooper,See full cast & crew",76,"1,335",709,201
"Paris, Texas",8.1,"78,503",R,2h 25min,Drama,19 September 1984,France,"Travis Henderson, an aimless drifter who has been missing for four years, wanders out of the desert and must reconnect with society, himself, his life, and his family.",Wim Wenders,"L.M. Kit Carson,Sam Shepard,1 more credit","Harry Dean Stanton,Nastassja Kinski,Dean Stockwell,See full cast & crew",78,202,96,"2,359"
In the Mood for Love,8.1,"110,407",PG,1h 38min,"Drama,Romance",9 March 2001,USA,"Two neighbors, a woman and a man, form a strong bond after both suspect extramarital activities of their spouses. However, they agree to keep their bond platonic so as not to commit similar wrongs.",Kar-Wai Wong,,"Tony Chiu-Wai Leung,Maggie Cheung,Ping Lam Siu,See full cast & crew",85,391,143,"2,416"
Butch Cassidy and the Sundance Kid,8.0,"191,901",PG,1h 50min,"Biography,Crime,Drama",24 September 1969,USA,"Wyoming, early 1900s. Butch Cassidy and The Sundance Kid are the leaders of a band of outlaws. After a train robbery goes wrong they find themselves on the run with a posse hard on their heels. Their solution - escape to Bolivia.",George Roy Hill,,"Paul Newman,Robert Redford,Katharine Ross,See full cast & crew",66,397,102,"2,051"
Before Sunset,8.0,"215,392",R,1h 20min,"Drama,Romance",30 July 2004,USA,"Nine years after Jesse and Celine first met, they encounter each other again on the French leg of Jesse's book tour.",Richard Linklater,"Richard Linklater,Julie Delpy,5 more credits","Ethan Hawke,Julie Delpy,Vernon Dobtcheff,See full cast & crew",90,520,238,"2,892"
Akira,8.1,"147,636",R,2h 4min,"Animation,Action,Drama",16 July 1988,Japan,A secret military project endangers Neo-Tokyo when it turns a biker gang member into a rampaging psychic psychopath who can only be stopped by two teenagers and a group of psychics.,Katsuhiro Ôtomo,"Katsuhiro Ôtomo,Izô Hashimoto,1 more credit","Mitsuo Iwata,Nozomu Sasaki,Mami Koyama,See full cast & crew",,495,104,"1,818"
The Help,8.1,"401,704",PG-13,2h 26min,Drama,10 August 2011,USA,"An aspiring author during the civil rights movement of the 1960s decides to write a book detailing the African American maids' point of view on the white families for which they work, and the hardships they go through on a daily basis.",Tate Taylor,"Tate Taylor,Kathryn Stockett","Emma Stone,Viola Davis,Octavia Spencer,See full cast & crew",62,527,390,568
PK,8.1,"144,772",Not Rated,2h 33min,"Comedy,Drama,Fantasy",19 December 2014,India,An alien on Earth loses the only device he can use to communicate with his spaceship. His innocent nature and child-like questions force the country to evaluate the impact of religion on its people.,Rajkumar Hirani,"Rajkumar Hirani,Abhijat Joshi","Aamir Khan,Anushka Sharma,Sanjay Dutt,See full cast & crew",,548,71,"3,102"
The Princess Bride,8.1,"369,629",PG,1h 38min,"Adventure,Family,Fantasy",9 October 1987,USA,"While home sick in bed, a young boy's grandfather reads him the story of a farmboy-turned-pirate who encounters numerous obstacles, enemies and allies in his quest to be reunited with his true love.",Rob Reiner,"William Goldman,William Goldman","Cary Elwes,Mandy Patinkin,Robin Wright,See full cast & crew",77,809,209,451
Lagaan: Once Upon a Time in India,8.1,"96,272",PG,3h 44min,"Adventure,Drama,Musical",15 June 2001,USA,The people of a small village in Victorian India stake their future on a game of cricket against their ruthless British rulers.,Ashutosh Gowariker,"Ashutosh Gowariker,Ashutosh Gowariker,3 more credits","Aamir Khan,Raghuvir Yadav,Gracy Singh,See full cast & crew",84,267,73,
The Terminator,8.0,"754,523",R,1h 47min,"Action,Sci-Fi",26 October 1984,USA,"In 1984, a human soldier is tasked to stop an indestructible cyborg killing machine, both sent from 2029, from executing a young woman, whose unborn son is the key to humanity's future salvation.",James Cameron,"James Cameron,Gale Anne Hurd,1 more credit","Arnold Schwarzenegger,Linda Hamilton,Michael Biehn,See full cast & crew",84,822,223,435
It Happened One Night,8.1,"87,042",Not Rated,1h 45min,"Comedy,Romance",22 February 1934,USA,A spoiled heiress running away from her family is helped by a man who is actually a reporter in need of a story.,Frank Capra,"Robert Riskin,Samuel Hopkins Adams","Clark Gable,Claudette Colbert,Walter Connolly,See full cast & crew",87,283,114,
The Handmaiden,8.1,"87,793",Not Rated,2h 25min,"Drama,Romance,Thriller",1 June 2016,South Korea,"A woman is hired as a handmaiden to a Japanese heiress, but secretly she is involved in a plot to defraud her.",Chan-wook Park,"Sarah Waters,Seo-kyeong Jeong,1 more credit","Min-hee Kim,Jung-woo Ha,Jin-woong Cho,See full cast & crew",84,172,330,704
"Monsters, Inc.",8.0,"763,080",G,1h 32min,"Animation,Adventure,Comedy",2 November 2001,USA,"In order to power the city, monsters have to scare children so that they scream. However, the children are toxic to the monsters, and after a child gets through, 2 monsters realize things may not be what they think.","Pete Docter,David Silverman,1 more credit","Pete Docter,Jill Culton,10 more credits","Billy Crystal,John Goodman,Mary Gibbs,See full cast & crew",78,635,261,552
Gangs of Wasseypur,8.2,"72,119",Not Rated,5h 21min,"Action,Comedy,Crime",2 August 2012,Singapore,"A clash between Sultan and Shahid Khan leads to the expulsion of Khan from Wasseypur, and ignites a deadly blood feud spanning three generations.",Anurag Kashyap,"Akhilesh Jaiswal,Anurag Kashyap,2 more credits","Manoj Bajpayee,Richa Chadha,Nawazuddin Siddiqui,See full cast & crew",89,206,111,"3,629"
Rocky,8.1,"486,133",PG,2h,"Drama,Sport",3 December 1976,USA,A small-time boxer gets a supremely rare chance to fight a heavy-weight champion in a bout in which he strives to go the distance for his self-respect.,John G. Avildsen,,"Sylvester Stallone,Talia Shire,Burt Young,See full cast & crew",70,653,176,796
La Haine,8.1,"135,825",Not Rated,1h 38min,"Crime,Drama",23 February 1996,USA,24 hours in the lives of three young men in the French suburbs the day after a violent riot.,Mathieu Kassovitz,,"Vincent Cassel,Hubert Koundé,Saïd Taghmaoui,See full cast & crew",,197,112,"3,289"
Ace in the Hole,8.2,"26,397",Not Rated,1h 51min,"Drama,Film-Noir",4 July 1951,USA,"A frustrated former big-city journalist now stuck working for an Albuquerque newspaper exploits a story about a man trapped in a cave to rekindle his career, but the situation quickly escalates into an out-of-control circus.",Billy Wilder,"Billy Wilder,Lesser Samuels,1 more credit","Kirk Douglas,Jan Sterling,Robert Arthur,See full cast & crew",72,175,151,
White Heat,8.2,"26,279",Not Rated,1h 54min,"Action,Crime,Drama",3 September 1949,USA,A psychopathic criminal with a mother complex makes a daring break from prison and leads his old gang in a chemical plant payroll heist.,Raoul Walsh,"Ivan Goff,Ben Roberts,1 more credit","James Cagney,Virginia Mayo,Edmond O'Brien,See full cast & crew",,177,74,"2,369"
Rebecca,8.1,"113,815",Not Rated,2h 10min,"Drama,Mystery,Romance",12 April 1940,USA,A self-conscious woman juggles adjusting to her new role as an aristocrat's wife and avoiding being intimidated by his first wife's spectral presence.,Alfred Hitchcock,"Daphne Du Maurier,Robert E. Sherwood,3 more credits","Laurence Olivier,Joan Fontaine,George Sanders,See full cast & crew",,317,196,"3,107"
Hotel Rwanda,8.1,"319,385",PG-13,2h 1min,"Biography,Drama,History",4 February 2005,USA,Paul Rusesabagina was a hotel manager who housed over a thousand Tutsi refugees during their struggle against the Hutu militia in Rwanda.,Terry George,"Keir Pearson,Terry George","Don Cheadle,Sophie Okonedo,Joaquin Phoenix,See full cast & crew",79,654,152,"3,159"
Amores Perros,8.1,"211,226",R,2h 34min,"Drama,Thriller",13 April 2001,USA,"A horrific car accident connects three stories, each involving characters dealing with loss, regret, and life's harsh realities, all in the name of love.",Alejandro G. Iñárritu,,"Emilio Echevarría,Gael García Bernal,Goya Toledo,See full cast & crew",83,387,166,"3,356"
Harry Potter and the Deathly Hallows: Part 2,8.1,"710,768",PG-13,2h 10min,"Adventure,Drama,Fantasy",15 July 2011,USA,"Harry (Daniel Radcliffe), Ron (Rupert Grint), and Hermione (Emma Watson) search for Voldemort's (Ralph Fiennes') remaining Horcruxes in their effort to destroy the Dark Lord as the final battle rages on at Hogwarts.",David Yates,"Steve Kloves,J.K. Rowling","Daniel Radcliffe,Emma Watson,Rupert Grint,See full cast & crew",87,908,478,160
Spotlight,8.1,"380,245",R,2h 9min,"Biography,Crime,Drama",20 November 2015,USA,"The true story of how the Boston Globe uncovered the massive scandal of child molestation and cover-up within the local Catholic Archdiocese, shaking the entire Catholic Church to its core.",Tom McCarthy,"Josh Singer,Tom McCarthy","Mark Ruffalo,Michael Keaton,Rachel McAdams,See full cast & crew",93,554,519,626
The 400 Blows,8.1,"95,416",Not Rated,1h 39min,"Crime,Drama",16 November 1959,USA,"A young boy, left without attention, delves into a life of petty crime.",François Truffaut,"François Truffaut,Marcel Moussy,2 more credits","Jean-Pierre Léaud,Albert Rémy,Claire Maurier,See full cast & crew",,204,161,"4,494"
Dead Poets Society,8.1,"385,203",PG,2h 8min,"Comedy,Drama",9 June 1989,USA,English teacher John Keating inspires his students to look at poetry with a different perspective of authentic knowledge and feelings.,Peter Weir,,"Robin Williams,Robert Sean Leonard,Ethan Hawke,See full cast & crew",79,589,103,"1,231"
Nausicaä of the Valley of the Wind,8.1,"132,427",PG,1h 57min,"Animation,Adventure,Fantasy",25 November 1987,USA,Warrior and pacifist Princess Nausicaä desperately struggles to prevent two warring nations from destroying themselves and their dying planet.,Hayao Miyazaki,"Hayao Miyazaki,Hayao Miyazaki,2 more credits","Sumi Shimamoto,Mahito Tsujimura,Hisako Kyôda,See full cast & crew",86,215,114,"4,012"
The Red Shoes,8.2,"26,562",Not Rated,2h 15min,"Drama,Music,Romance",6 September 1948,UK,A young ballet dancer is torn between the man she loves and her pursuit to become a prima ballerina.,"Michael Powell,Emeric Pressburger","Hans Christian Andersen,Emeric Pressburger,3 more credits","Anton Walbrook,Marius Goring,Moira Shearer,See full cast & crew",,158,111,"4,083"
Ben-Hur,8.1,"206,264",G,3h 32min,"Adventure,Drama,History",29 January 1960,Brazil,"When a Jewish prince is betrayed and sent into slavery by a Roman friend, he regains his freedom and comes back for revenge.",William Wyler,"Lew Wallace,Karl Tunberg","Charlton Heston,Jack Hawkins,Stephen Boyd,See full cast & crew",90,419,128,705
Logan,8.1,"589,464",R,2h 17min,"Action,Drama,Sci-Fi",3 March 2017,USA,"In a future where mutants are nearly extinct, an elderly and weary Logan leads a quiet life. But when Laura, a mutant child pursued by scientists, comes to him for help, he must get her to safety.",James Mangold,"James Mangold,Scott Frank,2 more credits","Hugh Jackman,Patrick Stewart,Dafne Keen,See full cast & crew",77,"1,492",623,306
Andrei Rublev,8.2,"41,011",R,3h 25min,"Biography,Drama,History",October 1973,USA,"The life, times and afflictions of the fifteenth-century Russian iconographer St. Andrei Rublev.",Andrei Tarkovsky,"Andrey Konchalovskiy,Andrei Tarkovsky","Anatoliy Solonitsyn,Ivan Lapikov,Nikolay Grinko,See full cast & crew",,136,106,"4,099"
Hachi: A Dog's Tale,8.1,"231,624",G,1h 33min,"Drama,Family",16 March 2010,Indonesia,A college professor bonds with an abandoned dog he takes into his home.,Lasse Hallström,"Stephen P. Lindsey,Kaneto Shindô","Richard Gere,Joan Allen,Cary-Hiroyuki Tagawa,See full cast & crew",,412,91,"2,580"
Rush,8.1,"404,157",R,2h 3min,"Biography,Drama,Sport",27 September 2013,USA,The merciless 1970s rivalry between Formula One rivals,Ron Howard,,"Daniel Brühl,Chris Hemsworth,Olivia Wilde,See full cast & crew",75,543,420,835
Million Dollar Baby,8.1,"599,641",PG-13,2h 12min,"Drama,Sport",28 January 2005,USA,A determined woman works with a hardened boxing trainer to become a professional.,Clint Eastwood,"Paul Haggis,F.X. Toole","Hilary Swank,Clint Eastwood,Morgan Freeman,See full cast & crew",86,"1,184",284,"1,376"
Rang De Basanti,8.2,"103,515",Not Rated,2h 47min,"Comedy,Drama",26 January 2006,USA,"The story of six young Indians who assist an English woman to film a documentary on the freedom fighters from their past, and the events that lead them to relive the long-forgotten saga of freedom.",Rakeysh Omprakash Mehra,"Renzil D'Silva,Prasoon Joshi,2 more credits","Aamir Khan,Soha Ali Khan,Siddharth,See full cast & crew",,355,38,
Barry Lyndon,8.1,"137,021",PG,3h 5min,"Adventure,Drama,History",18 December 1975,USA,An Irish rogue wins the heart of a rich widow and assumes her dead husband's aristocratic position in 18th-century England.,Stanley Kubrick,"Stanley Kubrick,William Makepeace Thackeray","Ryan O'Neal,Marisa Berenson,Patrick Magee,See full cast & crew",89,432,102,"2,034"
The Passion of Joan of Arc,8.2,"42,461",Not Rated,1h 54min,"Biography,Drama,History",25 October 1928,France,"In 1431, Jeanne d'Arc is placed on trial on charges of heresy. The ecclesiastical jurists attempt to force Jeanne to recant her claims of holy visions.",Carl Theodor Dreyer,"Joseph Delteil,Carl Theodor Dreyer","Maria Falconetti,Eugene Silvain,André Berley,See full cast & crew",,180,147,
Monty Python's Life of Brian,8.1,"343,819",R,1h 34min,Comedy,17 August 1979,USA,"Born on the original Christmas in the stable next door to Jesus, Brian of Nazareth spends his life being mistaken for a messiah.",Terry Jones,"Graham Chapman,John Cleese,4 more credits","Graham Chapman,John Cleese,Michael Palin,See full cast & crew",77,367,151,"2,144"
Platoon,8.1,"359,900",R,2h,"Drama,War",6 February 1987,USA,A young soldier in Vietnam faces a moral crisis when confronted with the horrors of war and the duality of man.,Oliver Stone,,"Charlie Sheen,Tom Berenger,Willem Dafoe,See full cast & crew",92,577,133,"1,061"
Mad Max: Fury Road,8.1,"808,849",R,2h,"Action,Adventure,Sci-Fi",15 May 2015,USA,"In a post-apocalyptic wasteland, a woman rebels against a tyrannical ruler in search for her homeland with the aid of a group of female prisoners, a psychotic worshiper, and a drifter named Max.",George Miller,"George Miller,Brendan McCarthy,1 more credit","Tom Hardy,Charlize Theron,Nicholas Hoult,See full cast & crew",90,"1,900",814,237
Stand by Me,8.1,"342,116",R,1h 29min,"Adventure,Drama",26 November 1986,USA,"After the death of one of his friends, a writer recounts a boyhood journey with his friends to find the body of a missing boy.",Rob Reiner,"Stephen King,Raynold Gideon,1 more credit","Wil Wheaton,River Phoenix,Corey Feldman,See full cast & crew",75,665,127,318
The Wages of Fear,8.1,"49,942",Not Rated,2h 11min,"Adventure,Drama,Thriller",16 February 1955,USA,"In a decrepit South American village, four men are hired to transport an urgent nitroglycerine shipment without the equipment that would make it safe.",Henri-Georges Clouzot,"Georges Arnaud,Henri-Georges Clouzot,1 more credit","Yves Montand,Charles Vanel,Peter van Eyck,See full cast & crew",,157,134,
Network,8.1,"135,447",R,2h 1min,Drama,27 November 1976,USA,A television network cynically exploits a deranged former anchor's ravings and revelations about the news media for its own profit.,Sidney Lumet,,"Faye Dunaway,William Holden,Peter Finch,See full cast & crew",83,382,167,"3,303"
12 Years a Slave,8.1,"594,176",R,2h 14min,"Biography,Drama,History",8 November 2013,USA,"In the antebellum United States,",Steve McQueen,"John Ridley,Solomon Northup","Chiwetel Ejiofor,Michael Kenneth Williams,Michael Fassbender,See full cast & crew",96,816,610,786
Cool Hand Luke,8.1,"152,382",GP,2h 7min,"Crime,Drama",1 November 1967,USA,"A laid back Southern man is sentenced to two years in a rural prison, but refuses to conform.",Stuart Rosenberg,"Donn Pearce,Frank Pierson,1 more credit","Paul Newman,George Kennedy,Strother Martin,See full cast & crew",91,314,124,"1,641"
Catch Me If You Can,8.1,"748,826",PG-13,2h 21min,"Biography,Crime,Drama",25 December 2002,USA,"A seasoned FBI agent pursues Frank Abagnale Jr. who, before his 19th birthday, successfully forged millions of dollars' worth of checks while posing as a Pan Am pilot, a doctor, and a legal prosecutor.",Steven Spielberg,"Jeff Nathanson,Frank Abagnale Jr.,1 more credit","Leonardo DiCaprio,Tom Hanks,Christopher Walken,See full cast & crew",75,760,202,392
Before Sunrise,8.1,"246,358",R,1h 41min,"Drama,Romance",27 January 1995,USA,"A young man and woman meet on a train in Europe, and wind up spending one evening together in Vienna. Unfortunately, both know that this will probably be their only night together.",Richard Linklater,"Richard Linklater,Kim Krizan","Ethan Hawke,Julie Delpy,Andrea Eckert,See full cast & crew",77,447,150,"1,776"
Into the Wild,8.1,"536,881",R,2h 28min,"Adventure,Biography,Drama",19 October 2007,USA,"After graduating from Emory University, top student and athlete Christopher McCandless abandons his possessions, gives his entire $24,000 savings account to charity and hitchhikes to Alaska to live in the wilderness. Along the way, Christopher encounters a series of characters that shape his life.",Sean Penn,"Sean Penn,Jon Krakauer","Emile Hirsch,Vince Vaughn,Catherine Keener,See full cast & crew",73,894,241,727
Prisoners,8.1,"545,905",R,2h 33min,"Crime,Drama,Mystery",20 September 2013,USA,"When Keller Dover's daughter and her friend go missing, he takes matters into his own hands as the police pursue multiple leads and the pressure mounts.",Denis Villeneuve,,"Hugh Jackman,Jake Gyllenhaal,Viola Davis,See full cast & crew",74,812,488,477
Sherlock Jr.,8.2,"35,455",Not Rated,45min,"Action,Comedy,Romance",11 May 1924,USA,"A film projectionist longs to be a detective, and puts his meagre skills to work when he is framed by a rival for stealing his girlfriend's father's pocketwatch.",Buster Keaton,"Jean C. Havez,Joseph A. Mitchell,1 more credit","Buster Keaton,Kathryn McGuire,Joe Keaton,See full cast & crew",,302,64,
The Grand Budapest Hotel,8.1,"653,110",R,1h 39min,"Adventure,Comedy,Crime",28 March 2014,USA,"The adventures of Gustave H, a legendary concierge at a famous hotel from the fictional Republic of Zubrowka between the first and second World Wars, and Zero Moustafa, the lobby boy who becomes his most trusted friend.",Wes Anderson,"Stefan Zweig,Wes Anderson,2 more credits","Ralph Fiennes,F. Murray Abraham,Mathieu Amalric,See full cast & crew",88,789,558,472
How to Train Your Dragon,8.1,"627,418",PG,1h 38min,"Animation,Action,Adventure",26 March 2010,USA,"A hapless young Viking who aspires to hunt dragons becomes the unlikely friend of a young dragon himself, and learns there may be more to the creatures than he assumed.","Dean DeBlois,Chris Sanders","William Davies,Dean DeBlois,3 more credits","Jay Baruchel,Gerard Butler,Christopher Mintz-Plasse,See full cast & crew",74,599,305,"1,171"
Persona,8.1,"90,905",Not Rated,1h 23min,"Drama,Thriller",16 March 1967,USA,A nurse is put in charge of a mute actress and finds that their personae are melding together.,Ingmar Bergman,,"Bibi Andersson,Liv Ullmann,Margaretha Krook,See full cast & crew",86,211,136,"3,644"
Memories of Murder,8.1,"109,009",Not Rated,2h 12min,"Action,Crime,Drama",2 May 2003,South Korea,"In a small Korean province in 1986, three detectives struggle with the case of multiple young women being found raped and murdered by an unknown culprit.",Bong Joon Ho,"Bong Joon Ho,Kwang-rim Kim,1 more credit","Kang-ho Song,Sang-kyung Kim,Roe-ha Kim,See full cast & crew",82,191,164,"1,070"
The General,8.1,"74,085",Passed,1h 7min,"Action,Adventure,Comedy",24 February 1927,France,"When Union spies steal an engineer's beloved locomotive, he pursues it single-handedly and straight through enemy lines.","Clyde Bruckman,Buster Keaton","Buster Keaton,Clyde Bruckman,2 more credits","Buster Keaton,Marion Mack,Glen Cavender,See full cast & crew",,267,112,
Hacksaw Ridge,8.1,"386,666",R,2h 19min,"Biography,Drama,History",4 November 2016,USA,World War II American Army Medic,Mel Gibson,"Robert Schenkkan,Andrew Knight","Andrew Garfield,Sam Worthington,Luke Bracey,See full cast & crew",71,813,464,449
Mr. Smith Goes to Washington,8.1,"100,504",Not Rated,2h 9min,"Comedy,Drama",19 October 1939,USA,"A naive man is appointed to fill a vacancy in the United States Senate. His plans promptly collide with political corruption, but he doesn't back down.",Frank Capra,"Sidney Buchman,Lewis R. Foster","James Stewart,Jean Arthur,Claude Rains,See full cast & crew",73,272,109,"4,342"
Gone Girl,8.1,"787,723",R,2h 29min,"Drama,Mystery,Thriller",3 October 2014,USA,"With his wife's disappearance having become the focus of an intense media circus, a man sees the spotlight turned on him when it's suspected that he may not be innocent.",David Fincher,"Gillian Flynn,Gillian Flynn","Ben Affleck,Rosamund Pike,Neil Patrick Harris,See full cast & crew",79,"1,341",615,278
In the Name of the Father,8.1,"145,449",R,2h 13min,"Biography,Drama",25 February 1994,USA,A man's coerced confession to an IRA bombing he did not commit results in the imprisonment of his father as well. An English lawyer fights to free them.,Jim Sheridan,"Gerry Conlon,Terry George,1 more credit","Daniel Day-Lewis,Pete Postlethwaite,Alison Crosbie,See full cast & crew",84,172,58,"3,014"
Mary and Max,8.1,"154,764",Not Rated,1h 32min,"Animation,Comedy,Drama",9 April 2009,Australia,"A tale of friendship between two unlikely pen pals: Mary, a lonely, eight-year-old girl living in the suburbs of Melbourne, and Max, a forty-four-year old, severely obese man living in New York.",Adam Elliot,,"Toni Collette,Philip Seymour Hoffman,Eric Bana,See full cast & crew",,208,179,"4,591"
The Big Lebowski,8.1,"681,621",R,1h 57min,"Comedy,Crime,Sport",6 March 1998,USA,"Jeff ""The Dude"" Lebowski, mistaken for a millionaire of the same name, seeks restitution for his ruined rug and enlists his bowling buddies to help get it.","Joel Coen,Ethan Coen","Ethan Coen,Joel Coen","Jeff Bridges,John Goodman,Julianne Moore,See full cast & crew",71,"1,157",187,396
The Truman Show,8.1,"864,507",PG,1h 43min,"Comedy,Drama,Sci-Fi",5 June 1998,USA,An insurance salesman discovers his whole life is actually a reality TV show.,Peter Weir,,"Jim Carrey,Ed Harris,Laura Linney,See full cast & crew",90,"1,072",251,"1,131"
Stalker,8.2,"102,732",Not Rated,2h 42min,"Drama,Sci-Fi",17 April 1980,Netherlands,A guide leads two men through an area known as the Zone to find a room that grants wishes.,Andrei Tarkovsky,"Arkadiy Strugatskiy,Boris Strugatskiy,2 more credits","Alisa Freyndlikh,Aleksandr Kaydanovskiy,Anatoliy Solonitsyn,See full cast & crew",,384,152,"1,134"
Tokyo Story,8.2,"45,971",Not Rated,2h 16min,Drama,13 March 1972,USA,"An old couple visit their children and grandchildren in the city, but receive little attention.",Yasujirô Ozu,"Kôgo Noda,Yasujirô Ozu","Chishû Ryû,Chieko Higashiyama,Sô Yamamura,See full cast & crew",,145,104,
Wild Tales,8.1,"157,662",R,2h 2min,"Comedy,Drama,Thriller",21 August 2014,Argentina,Six short stories that explore the extremities of human behavior involving people in distress.,Damián Szifron,"Germán Servidio,Damián Szifron","Darío Grandinetti,María Marull,Mónica Villa,See full cast & crew",77,206,304,"2,500"
The Deer Hunter,8.1,"291,667",R,3h 3min,"Drama,War",23 February 1979,USA,An in-depth examination of the ways in which the U.S. Vietnam War impacts and disrupts the lives of people in a small industrial town in Pennsylvania.,Michael Cimino,"Michael Cimino,Deric Washburn,3 more credits","Robert De Niro,Christopher Walken,John Cazale,See full cast & crew",86,"1,108",157,349
The Bandit,8.3,"57,772",TV-MA,2h 8min,"Crime,Drama,Thriller",29 November 1996,Turkey,"Baran the Bandit, released from prison after 35 years, searches for vengeance and his lover.",Yavuz Turgul,,"Sener Sen,Ugur Yücel,Sermin Hürmeriç,See full cast & crew",,52,5,
Kill Bill: Vol. 1,8.1,"935,589",R,1h 51min,"Action,Crime,Thriller",10 October 2003,USA,"After awakening from a four-year coma, a former assassin wreaks vengeance on the team of assassins who betrayed her.",Quentin Tarantino,"Quentin Tarantino,Quentin Tarantino,1 more credit","Uma Thurman,David Carradine,Daryl Hannah,See full cast & crew",69,"2,209",380,513
Gran Torino,8.1,"684,399",R,1h 56min,Drama,9 January 2009,USA,"Disgruntled Korean War veteran Walt Kowalski sets out to reform his neighbor, Thao Lor, a Hmong teenager who tried to steal Kowalski's prized possession: a 1972 Gran Torino.",Clint Eastwood,"Nick Schenk,Dave Johannson,1 more credit","Clint Eastwood,Bee Vang,Christopher Carley,See full cast & crew",72,960,370,"1,377"
Fargo,8.1,"576,295",R,1h 38min,"Crime,Drama,Thriller",5 April 1996,USA,Jerry Lundegaard's inept crime falls apart due to his and his henchmen's bungling and the persistent police work of the quite pregnant Marge Gunderson.,"Joel Coen,Ethan Coen","Ethan Coen,Joel Coen","William H. Macy,Frances McDormand,Steve Buscemi,See full cast & crew",85,918,224,815
Drishyam,8.5,"27,412",Not Rated,2h 40min,"Crime,Drama,Thriller",19 December 2013,India,A man goes to extreme lengths to save his family from punishment after the family commits an accidental crime.,Jeethu Joseph,"Saeid Shahi,Jeethu Joseph","Mohanlal,Meena,Asha Sharath,See full cast & crew",,80,10,
Wild Strawberries,8.2,"87,061",Not Rated,1h 31min,"Drama,Romance",22 June 1959,USA,"After living a life marked by coldness, an aging professor is forced to confront the emptiness of his existence.",Ingmar Bergman,,"Victor Sjöström,Bibi Andersson,Ingrid Thulin,See full cast & crew",,171,94,
Andhadhun,8.4,"52,949",Not Rated,2h 19min,"Crime,Thriller",5 October 2018,USA,"A series of mysterious events changes the life of a blind pianist, who must now report a crime that he should technically know nothing of.",Sriram Raghavan,"Arijit Biswas,Yogesh Chandekar,4 more credits","Ayushmann Khurrana,Tabu,Radhika Apte,See full cast & crew",,783,29,"1,979"
Jurassic Park,8.1,"805,283",PG-13,2h 7min,"Action,Adventure,Sci-Fi",11 June 1993,USA,A pragmatic Paleontologist visiting an almost complete theme park is tasked with protecting a couple of kids after a power failure causes the park's cloned dinosaurs to run loose.,Steven Spielberg,"Michael Crichton,Michael Crichton,1 more credit","Sam Neill,Laura Dern,Jeff Goldblum,See full cast & crew",68,"1,060",352,338
The Third Man,8.1,"149,174",Not Rated,1h 33min,"Film-Noir,Mystery,Thriller",12 October 1949,France,"Pulp novelist Holly Martins travels to shadowy, postwar Vienna, only to find himself investigating the mysterious death of an old friend, Harry Lime.",Carol Reed,"Graham Greene,Graham Greene","Orson Welles,Joseph Cotten,Alida Valli,See full cast & crew",97,453,241,"3,619"
Blade Runner,8.1,"647,534",R,1h 57min,"Action,Sci-Fi,Thriller",25 June 1982,USA,"A blade runner must pursue and terminate four replicants who stole a ship in space, and have returned to Earth to find their creator.",Ridley Scott,"Hampton Fancher,David Webb Peoples,1 more credit","Harrison Ford,Rutger Hauer,Sean Young,See full cast & crew",89,"1,469",348,378
On the Waterfront,8.1,"132,193",Not Rated,1h 48min,"Crime,Drama,Thriller",22 June 1954,Japan,An ex-prize fighter turned longshoreman struggles to stand up to his corrupt union bosses.,Elia Kazan,"Budd Schulberg,Budd Schulberg,1 more credit","Marlon Brando,Karl Malden,Lee J. Cobb,See full cast & crew",91,313,157,"3,265"
Finding Nemo,8.1,"892,811",G,1h 40min,"Animation,Adventure,Comedy",30 May 2003,USA,"After his son is captured in the Great Barrier Reef and taken to Sydney, a timid clownfish sets out on a journey to bring him home.","Andrew Stanton,Lee Unkrich","Andrew Stanton,Andrew Stanton,2 more credits","Albert Brooks,Ellen DeGeneres,Alexander Gould,See full cast & crew",90,930,303,825
The Bridge on the River Kwai,8.1,"190,655",PG,2h 41min,"Adventure,Drama,War",14 December 1957,USA,"British POWs build a railway bridge across the river Kwai for their Japanese captors, oblivious of the Allies' plans to destroy it.",David Lean,"Pierre Boulle,Carl Foreman,1 more credit","William Holden,Alec Guinness,Jack Hawkins,See full cast & crew",87,311,91,"3,475"
Gone with the Wind,8.1,"270,578",Passed,3h 58min,"Drama,History,Romance",17 January 1940,USA,A manipulative woman and a roguish man conduct a turbulent romance during the American Civil War and Reconstruction periods.,"Victor Fleming,George Cukor,1 more credit","Margaret Mitchell,Sidney Howard","Clark Gable,Vivien Leigh,Thomas Mitchell,See full cast & crew",97,809,182,775
The Thing,8.1,"343,220",R,1h 49min,"Horror,Mystery,Sci-Fi",25 June 1982,USA,A research team in Antarctica is hunted by a shape-shifting alien that assumes the appearance of its victims.,John Carpenter,"Bill Lancaster,John W. Campbell Jr.","Kurt Russell,Wilford Brimley,Keith David,See full cast & crew",57,"1,050",340,822
The Elephant Man,8.1,"205,287",PG,2h 4min,"Biography,Drama",10 October 1980,USA,"A Victorian surgeon rescues a heavily disfigured man who is mistreated while scraping a living as a side-show freak. Behind his monstrous façade, there is revealed a person of kindness, intelligence and sophistication.",David Lynch,"Christopher De Vore,Eric Bergren,3 more credits","Anthony Hopkins,John Hurt,Anne Bancroft,See full cast & crew",77,394,140,"2,310"
The Sixth Sense,8.1,"864,016",PG-13,1h 47min,"Drama,Mystery,Thriller",6 August 1999,USA,A boy who communicates with spirits seeks the help of a disheartened child psychologist.,M. Night Shyamalan,,"Bruce Willis,Haley Joel Osment,Toni Collette,See full cast & crew",64,"2,170",261,778
Shutter Island,8.1,"1,040,506",R,2h 18min,"Mystery,Thriller",19 February 2010,USA,"In 1954, a U.S. Marshal investigates the disappearance of a murderer who escaped from a hospital for the criminally insane.",Martin Scorsese,"Laeta Kalogridis,Dennis Lehane","Leonardo DiCaprio,Emily Mortimer,Mark Ruffalo,See full cast & crew",63,"1,165",516,322
Room,8.1,"331,653",R,1h 58min,"Drama,Thriller",22 January 2016,USA,"Held captive for 7 years in an enclosed space, a woman and her young son finally gain their freedom, allowing the boy to experience the outside world for the first time.",Lenny Abrahamson,"Emma Donoghue,Emma Donoghue","Brie Larson,Jacob Tremblay,Sean Bridgers,See full cast & crew",86,576,470,480
Trainspotting,8.1,"603,074",R,1h 33min,Drama,9 August 1996,USA,"Renton, deeply immersed in the Edinburgh drug scene, tries to clean up and get out, despite the allure of the drugs and influence of friends.",Danny Boyle,"Irvine Welsh,John Hodge","Ewan McGregor,Ewen Bremner,Jonny Lee Miller,See full cast & crew",83,601,147,707
Warrior,8.2,"412,248",PG-13,2h 20min,"Drama,Sport",9 September 2011,USA,"The youngest son of an alcoholic former boxer returns home, where he's trained by his father for competition in a mixed martial arts tournament - a path that puts the fighter on a collision course with his estranged, older brother.",Gavin O'Connor,"Gavin O'Connor,Anthony Tambakis,3 more credits","Tom Hardy,Nick Nolte,Joel Edgerton,See full cast & crew",71,619,334,"1,122"
V for Vendetta,8.2,"973,697",R,2h 12min,"Action,Drama,Sci-Fi",17 March 2006,USA,"In a future British tyranny, a shadowy freedom fighter, known only by the alias of ""V"", plots to overthrow it with the help of a young woman.",James McTeigue,"Lilly Wachowski,Lana Wachowski,1 more credit","Hugo Weaving,Natalie Portman,Rupert Graves,See full cast & crew",62,"2,152",242,791
The Seventh Seal,8.2,"148,483",Not Rated,1h 36min,"Drama,Fantasy",13 October 1958,USA,"A man seeks answers about life, death, and the existence of God as he plays chess against the Grim Reaper during the Black Plague.",Ingmar Bergman,"Ingmar Bergman,Ingmar Bergman","Max von Sydow,Gunnar Björnstrand,Bengt Ekerot,See full cast & crew",,312,107,"2,601"
No Country for Old Men,8.1,"789,281",R,2h 2min,"Crime,Drama,Thriller",21 November 2007,USA,Violence and mayhem ensue after a hunter stumbles upon a drug deal gone wrong and more than two million dollars in cash near the Rio Grande.,"Ethan Coen,Joel Coen","Joel Coen,Ethan Coen,1 more credit","Tommy Lee Jones,Javier Bardem,Josh Brolin,See full cast & crew",91,"1,738",529,483
Inside Out,8.2,"558,928",PG,1h 35min,"Animation,Adventure,Comedy",19 June 2015,USA,"After young Riley is uprooted from her Midwest life and moved to San Francisco, her emotions - Joy, Fear, Anger, Disgust and Sadness - conflict on how best to navigate a new city, house, and school.","Pete Docter,Ronnie Del Carmen","Pete Docter,Ronnie Del Carmen,7 more credits","Amy Poehler,Bill Hader,Lewis Black,See full cast & crew",94,978,580,485
There Will Be Blood,8.2,"477,193",R,2h 38min,Drama,25 January 2008,USA,"A story of family, religion, hatred, oil and madness, focusing on a turn-of-the-century prospector in the early days of the business.",Paul Thomas Anderson,"Paul Thomas Anderson,Upton Sinclair","Daniel Day-Lewis,Paul Dano,Ciarán Hinds,See full cast & crew",93,"1,229",422,601
Dial M for Murder,8.2,"144,827",PG,1h 45min,"Crime,Thriller",29 May 1954,USA,A tennis player frames his unfaithful wife for first-degree murder after she inadvertently hinders his plan to kill her.,Alfred Hitchcock,"Frederick Knott,Frederick Knott","Ray Milland,Grace Kelly,Robert Cummings,See full cast & crew",75,325,105,"4,806"
Chinatown,8.2,"273,676",R,2h 10min,"Drama,Mystery,Thriller",20 June 1974,USA,"A private detective hired to expose an adulterer finds himself caught up in a web of deceit, corruption, and murder.",Roman Polanski,,"Jack Nicholson,Faye Dunaway,John Huston,See full cast & crew",92,511,256,955
The Gold Rush,8.2,"92,346",Not Rated,1h 35min,"Adventure,Comedy,Drama",13 July 1925,Brazil,A prospector goes to the Klondike in search of gold and finds it and more.,Charles Chaplin,,"Charles Chaplin,Mack Swain,Tom Murray,See full cast & crew",,174,120,
My Father and My Son,8.3,"71,151",,1h 48min,"Drama,Family",18 November 2005,Turkey,The family of a left-wing journalist is torn apart after a military coup in 1980's Turkey.,Çagan Irmak,,"Çetin Tekindor,Fikret Kuskan,Hümeyra,See full cast & crew",,106,5,
The Irishman,8.2,"125,617",R,3h 29min,"Biography,Crime,Drama",27 November 2019,USA,A mob hitman recalls his possible involvement with the slaying of,Martin Scorsese,"Charles Brandt,Steven Zaillian","Robert De Niro,Al Pacino,Joe Pesci,See full cast & crew",94,"1,763",353,1
"Three Billboards Outside Ebbing, Missouri",8.2,"371,101",R,1h 55min,"Comedy,Crime,Drama",1 December 2017,USA,A mother personally challenges the local authorities to solve her daughter's murder when they fail to catch the culprit.,Martin McDonagh,,"Frances McDormand,Woody Harrelson,Sam Rockwell,See full cast & crew",88,"1,085",566,429
Judgment at Nuremberg,8.2,"63,818",Not Rated,2h 59min,"Drama,War",18 December 1961,Sweden,"In 1948, an American court in occupied Germany tries four Nazis judged for war crimes.",Stanley Kramer,"Abby Mann,Abby Mann","Spencer Tracy,Burt Lancaster,Richard Widmark,See full cast & crew",60,199,93,"4,951"
The Treasure of the Sierra Madre,8.2,"106,461",Passed,2h 6min,"Adventure,Drama,Western",24 January 1948,USA,Two Americans searching for work in Mexico convince an old prospector to help them mine for gold in the Sierra Madre Mountains.,John Huston,"John Huston,B. Traven","Humphrey Bogart,Walter Huston,Tim Holt,See full cast & crew",98,255,94,"4,148"
The Wolf of Wall Street,8.2,"1,074,657",R,3h,"Biography,Crime,Drama",25 December 2013,USA,Based on the true story of,Martin Scorsese,"Terence Winter,Jordan Belfort","Leonardo DiCaprio,Jonah Hill,Margot Robbie,See full cast & crew",75,"1,311",637,89
"Lock, Stock and Two Smoking Barrels",8.2,"504,074",R,1h 47min,"Comedy,Crime",1 May 1999,Indonesia,"A botched card game in London triggers four friends, thugs, weed-growers, hard gangsters, loan sharks and debt collectors to collide with each other in a series of unexpected events, all for the sake of weed, cash and two antique shotguns.",Guy Ritchie,,"Jason Flemyng,Dexter Fletcher,Nick Moran,See full cast & crew",66,561,117,"1,097"
Come and See,8.3,"46,159",Not Rated,2h 22min,"Drama,War",17 October 1985,Hungary,"After finding an old rifle, a young boy joins the Soviet resistance movement against ruthless German forces and experiences the horrors of World War II.",Elem Klimov,"Ales Adamovich,Ales Adamovich,1 more credit","Aleksey Kravchenko,Olga Mironova,Liubomiras Laucevicius,See full cast & crew",,457,89,"2,226"
The Secret in Their Eyes,8.2,"178,090",R,2h 9min,"Drama,Mystery,Romance",21 May 2010,USA,A retired legal counselor writes a novel hoping to find closure for one of his past unresolved homicide cases and for his unreciprocated love with his superior - both of which still haunt him decades later.,Juan José Campanella,"Eduardo Sacheri,Juan José Campanella,1 more credit","Ricardo Darín,Soledad Villamil,Pablo Rago,See full cast & crew",80,276,278,"1,918"
Casino,8.2,"428,619",R,2h 58min,"Crime,Drama",22 November 1995,USA,"A tale of greed, deception, money, power, and murder occur between two best friends: a mafia enforcer and a casino executive, compete against each other over a gambling empire, and over a fast living and fast loving socialite.",Martin Scorsese,"Nicholas Pileggi,Nicholas Pileggi,1 more credit","Robert De Niro,Sharon Stone,Joe Pesci,See full cast & crew",73,584,154,95
Pan's Labyrinth,8.2,"585,492",R,1h 58min,"Drama,Fantasy,War",19 January 2007,USA,"In the Falangist Spain of 1944, the bookish young stepdaughter of a sadistic army officer escapes into an eerie but captivating fantasy world.",Guillermo del Toro,,"Ivana Baquero,Ariadna Gil,Sergi López,See full cast & crew",98,"1,230",448,798
Raging Bull,8.2,"298,461",R,2h 9min,"Biography,Drama,Sport",19 December 1980,USA,The life of boxer,Martin Scorsese,"Jake LaMotta,Joseph Carter,3 more credits","Robert De Niro,Cathy Moriarty,Joe Pesci,See full cast & crew",89,549,186,174
All About Eve,8.2,"112,551",Passed,2h 18min,Drama,27 October 1950,USA,An ingénue insinuates herself into the lives of an established but aging stage actress and her circle of theater friends.,Joseph L. Mankiewicz,,"Bette Davis,Anne Baxter,George Sanders,See full cast & crew",98,358,132,"3,268"
Ran,8.2,"102,633",R,2h 42min,"Action,Drama",1 June 1985,Japan,"In Medieval Japan, an elderly warlord retires, handing over his empire to his three sons. However, he vastly underestimates how the new-found power will corrupt them and cause them to turn on each other...and him.",Akira Kurosawa,"Akira Kurosawa,Hideo Oguni,2 more credits","Tatsuya Nakadai,Akira Terao,Jinpachi Nezu,See full cast & crew",96,263,155,"3,346"
The Great Escape,8.2,"210,108",Not Rated,2h 52min,"Adventure,Drama,History",4 July 1963,USA,Allied prisoners of war plan for several hundred of their number to escape from a German camp during World War II.,John Sturges,"Paul Brickhill,James Clavell,1 more credit","Steve McQueen,James Garner,Richard Attenborough,See full cast & crew",87,339,102,"1,489"
My Neighbor Totoro,8.2,"248,295",G,1h 26min,"Animation,Family,Fantasy",13 July 1990,USA,"When two girls move to the country to be near their ailing mother, they have adventures with the wondrous forest spirits who live nearby.",Hayao Miyazaki,,"Hitoshi Takagi,Noriko Hidaka,Chika Sakamoto,See full cast & crew",86,390,172,"2,440"
Howl's Moving Castle,8.2,"292,849",PG,1h 59min,"Animation,Adventure,Family",17 June 2005,USA,"When an unconfident young woman is cursed with an old body by a spiteful witch, her only chance of breaking the spell lies with a self-indulgent yet insecure young wizard and his companions in his legged, walking castle.",Hayao Miyazaki,"Hayao Miyazaki,Diana Wynne Jones","Chieko Baishô,Takuya Kimura,Tatsuya Gashûin,See full cast & crew",80,384,237,"1,478"
Children of Heaven,8.3,"56,903",PG,1h 29min,"Drama,Family,Sport",22 January 1999,USA,"After a boy loses his sister's pair of shoes, he goes on a series of adventures in order to find them. When he can't, he tries a new way to ""win"" a new pair.",Majid Majidi,,"Mohammad Amir Naji,Amir Farrokh Hashemian,Bahare Seddiqi,See full cast & crew",,163,56,
A Beautiful Mind,8.2,"792,625",PG-13,2h 15min,"Biography,Drama",4 January 2002,USA,After,Ron Howard,"Akiva Goldsman,Sylvia Nasar","Russell Crowe,Ed Harris,Jennifer Connelly,See full cast & crew",72,"1,248",207,622
Ford v Ferrari,8.3,"57,571",PG-13,2h 32min,"Action,Biography,Drama",15 November 2019,USA,"American car designer Carroll Shelby and driver Ken Miles battle corporate interference, the laws of physics and their own personal demons to build a revolutionary race car for Ford and challenge Ferrari at the 24 Hours of Le Mans in 1966.",James Mangold,"Jez Butterworth,John-Henry Butterworth,1 more credit","Matt Damon,Christian Bale,Jon Bernthal,See full cast & crew",81,606,260,10
Some Like It Hot,8.2,"227,350",Not Rated,2h 1min,"Comedy,Music,Romance",19 March 1959,USA,"When two male musicians witness a mob hit, they flee the state in an all-female band disguised as women, but further complications set in.",Billy Wilder,"Billy Wilder,I.A.L. Diamond,2 more credits","Marilyn Monroe,Tony Curtis,Jack Lemmon,See full cast & crew",97,396,215,"1,565"
Downfall,8.2,"313,001",R,2h 36min,"Biography,Drama,History",8 April 2005,USA,"Traudl Junge, the final secretary for Adolf Hitler, tells of the Nazi dictator's final days in his Berlin bunker at the end of WWII.",Oliver Hirschbiegel,"Bernd Eichinger,Joachim Fest,2 more credits","Bruno Ganz,Alexandra Maria Lara,Ulrich Matthes,See full cast & crew",82,615,207,"1,763"
Green Book,8.2,"266,576",PG-13,2h 10min,"Biography,Comedy,Drama",16 November 2018,USA,A working-class Italian-American bouncer becomes the driver of an African-American classical pianist on a tour of venues through the 1960s American South.,Peter Farrelly,"Nick Vallelonga,Brian Hayes Currie,1 more credit","Viggo Mortensen,Mahershala Ali,Linda Cardellini,See full cast & crew",69,"1,235",381,218
Unforgiven,8.2,"350,715",R,2h 10min,"Drama,Western",7 August 1992,USA,"Retired Old West gunslinger William Munny (Clint Eastwood) reluctantly takes on one last job, with the help of his old partner Ned Logan (Morgan Freeman) and a young man, The ""Schofield Kid"" (Jaimz Woolvett).",Clint Eastwood,,"Clint Eastwood,Gene Hackman,Morgan Freeman,See full cast & crew",85,559,116,654
Yojimbo,8.2,"101,644",Not Rated,1h 50min,"Action,Drama,Thriller",13 September 1961,USA,A crafty ronin comes to a town divided by two criminal gangs and decides to play them against each other to free the town.,Akira Kurosawa,"Akira Kurosawa,Akira Kurosawa,1 more credit","Toshirô Mifune,Eijirô Tôno,Tatsuya Nakadai,See full cast & crew",,184,117,
Die Hard,8.2,"737,856",R,2h 12min,"Action,Thriller",20 July 1988,USA,An NYPD officer tries to save his wife and several others taken hostage by German terrorists during a Christmas party at the Nakatomi Plaza in Los Angeles.,John McTiernan,"Roderick Thorp,Jeb Stuart,1 more credit","Bruce Willis,Alan Rickman,Bonnie Bedelia,See full cast & crew",72,855,284,68
Batman Begins,8.2,"1,229,011",PG-13,2h 20min,"Action,Adventure",15 June 2005,USA,"After training with his mentor, Batman begins his fight to free crime-ridden Gotham City from corruption.",Christopher Nolan,"Bob Kane,David S. Goyer,2 more credits","Christian Bale,Michael Caine,Ken Watanabe,See full cast & crew",70,"2,814",311,288
Rashomon,8.2,"140,117",Not Rated,1h 28min,"Crime,Drama,Mystery",26 December 1951,USA,"The rape of a bride and the murder of her samurai husband are recalled from the perspectives of a bandit, the bride, the samurai's ghost and a woodcutter.",Akira Kurosawa,"Ryûnosuke Akutagawa,Akira Kurosawa,1 more credit","Toshirô Mifune,Machiko Kyô,Masayuki Mori,See full cast & crew",98,321,137,"3,970"
Monty Python and the Holy Grail,8.2,"473,575",PG,1h 31min,"Adventure,Comedy,Fantasy",25 May 1975,UK,"King Arthur and his Knights of the Round Table embark on a surreal, low-budget search for the Holy Grail, encountering many, very silly obstacles.","Terry Gilliam,Terry Jones","Graham Chapman,John Cleese,4 more credits","Graham Chapman,John Cleese,Eric Idle,See full cast & crew",93,740,103,"1,401"
Heat,8.2,"537,908",R,2h 50min,"Crime,Drama,Thriller",15 December 1995,USA,A group of professional bank robbers start to feel the heat from police when they unknowingly leave a clue at their latest heist.,Michael Mann,,"Al Pacino,Robert De Niro,Val Kilmer,See full cast & crew",76,"1,011",203,241
L.A. Confidential,8.2,"504,289",R,2h 18min,"Crime,Drama,Mystery",19 September 1997,USA,"As corruption grows in 1950s Los Angeles, three policemen -- one strait-laced, one brutal, and one sleazy -- investigate a series of murders with their own brand of justice.",Curtis Hanson,"James Ellroy,Brian Helgeland,1 more credit","Kevin Spacey,Russell Crowe,Guy Pearce,See full cast & crew",90,679,131,"1,391"
Marriage Story,8.3,"42,631",R,2h 16min,"Comedy,Drama,Romance",6 December 2019,USA,Noah Baumbach's incisive and compassionate look at a marriage breaking up and a family staying together.,Noah Baumbach,,"Adam Driver,Scarlett Johansson,Julia Greer,See full cast & crew",94,341,214,11
Incendies,8.3,"130,115",R,2h 11min,"Drama,Mystery,War",12 January 2011,France,Twins journey to the Middle East to discover their family history and fulfill their mother's last wishes.,Denis Villeneuve,"Denis Villeneuve,Wajdi Mouawad,2 more credits","Lubna Azabal,Mélissa Désormeaux-Poulin,Maxim Gaudette,See full cast & crew",80,219,238,"1,656"
The Apartment,8.3,"149,620",Not Rated,2h 5min,"Comedy,Drama,Romance",16 September 1960,France,"A man tries to rise in his company by letting its executives use his apartment for trysts, but complications and a romance of his own ensue.",Billy Wilder,"Billy Wilder,I.A.L. Diamond","Jack Lemmon,Shirley MacLaine,Fred MacMurray,See full cast & crew",94,308,230,"2,475"
Indiana Jones and the Last Crusade,8.2,"650,842",PG-13,2h 7min,"Action,Adventure",24 May 1989,USA,"In 1938, after his father Professor Henry Jones, Sr. goes missing while pursuing the Holy Grail, Professor Henry ""Indiana"" Jones, Jr. finds himself up against",Steven Spielberg,"Jeffrey Boam,George Lucas,3 more credits","Harrison Ford,Sean Connery,Alison Doody,See full cast & crew",65,528,160,725
Up,8.2,"872,827",PG,1h 36min,"Animation,Adventure,Comedy",29 May 2009,USA,"78-year-old Carl Fredricksen travels to Paradise Falls in his house equipped with balloons, inadvertently taking a young stowaway.","Pete Docter,Bob Peterson","Pete Docter,Bob Peterson,3 more credits","Edward Asner,Jordan Nagai,John Ratzenberger,See full cast & crew",88,811,421,769
Capernaum,8.4,"33,199",R,2h 6min,Drama,20 September 2018,Lebanon,"While serving a five-year sentence for a violent crime, a 12-year-old boy sues his parents for neglect.",Nadine Labaki,"Nadine Labaki,Jihad Hojeily,3 more credits","Zain Al Rafeea,Yordanos Shiferaw,Boluwatife Treasure Bankole,See full cast & crew",75,222,170,806
Double Indemnity,8.3,"132,502",Passed,1h 47min,"Crime,Drama,Film-Noir",6 July 1944,USA,An insurance representative lets himself be talked by a seductive housewife into a murder/insurance fraud scheme that arouses the suspicion of an insurance investigator.,Billy Wilder,"Billy Wilder,Raymond Chandler,1 more credit","Fred MacMurray,Barbara Stanwyck,Edward G. Robinson,See full cast & crew",95,367,141,"4,258"
To Kill a Mockingbird,8.3,"279,021",Not Rated,2h 9min,"Crime,Drama",16 March 1963,USA,"Atticus Finch, a lawyer in the Depression-era South, defends a black man against an undeserved rape charge, and his children against prejudice.",Robert Mulligan,"Harper Lee,Horton Foote","Gregory Peck,John Megna,Frank Overton,See full cast & crew",88,542,149,"1,765"
Ikiru,8.3,"60,935",Not Rated,2h 23min,Drama,25 March 1956,USA,A bureaucrat tries to find a meaning in his life after he discovers he has terminal cancer.,Akira Kurosawa,"Akira Kurosawa,Shinobu Hashimoto,1 more credit","Takashi Shimura,Nobuo Kaneko,Shin'ichi Himori,See full cast & crew",,197,121,
A Separation,8.3,"203,947",PG-13,2h 3min,Drama,16 March 2011,Iran,A married couple are faced with a difficult decision - to improve the life of their child by moving to another country or to stay in Iran and look after a deteriorating parent who has Alzheimer's disease.,Asghar Farhadi,,"Payman Maadi,Leila Hatami,Sareh Bayat,See full cast & crew",95,322,376,"2,450"
The Sting,8.3,"226,448",PG,2h 9min,"Comedy,Crime,Drama",25 December 1973,USA,Two grifters team up to pull off the ultimate con.,George Roy Hill,,"Paul Newman,Robert Redford,Robert Shaw,See full cast & crew",83,287,134,"2,619"
Metropolis,8.3,"149,018",Not Rated,2h 33min,"Drama,Sci-Fi",13 March 1927,USA,"In a futuristic city sharply divided between the working class and the city planners, the son of the city's mastermind falls in love with a working class prophet who predicts the coming of a savior to mediate their differences.",Fritz Lang,"Thea von Harbou,Thea von Harbou","Brigitte Helm,Alfred Abel,Gustav Fröhlich,See full cast & crew",98,472,196,"1,697"
For a Few Dollars More,8.3,"214,111",R,2h 12min,Western,10 May 1967,USA,Two bounty hunters with the same intentions team up to track down a Western outlaw.,Sergio Leone,"Sergio Leone,Fulvio Morsella,2 more credits","Clint Eastwood,Lee Van Cleef,Gian Maria Volontè,See full cast & crew",74,263,129,"1,606"
Toy Story 3,8.3,"709,954",G,1h 43min,"Animation,Adventure,Comedy",18 June 2010,USA,"The toys are mistakenly delivered to a day-care center instead of the attic right before Andy leaves for college, and it's up to Woody to convince the other toys that they weren't abandoned and to return home.",Lee Unkrich,"John Lasseter,Andrew Stanton,2 more credits","Tom Hanks,Tim Allen,Joan Cusack,See full cast & crew",92,826,475,609
Lawrence of Arabia,8.3,"249,861",Approved,3h 48min,"Adventure,Biography,Drama",11 December 1962,UK,The story of,David Lean,"T.E. Lawrence,Robert Bolt,1 more credit","Peter O'Toole,Alec Guinness,Anthony Quinn,See full cast & crew",100,630,194,"1,270"
Taxi Driver,8.3,"665,223",R,1h 54min,"Crime,Drama",9 February 1976,USA,"A mentally unstable veteran works as a nighttime taxi driver in New York City, where the perceived decadence and sleaze fuels his urge for violent action by attempting to liberate a presidential campaign worker and an underage prostitute.",Martin Scorsese,,"Robert De Niro,Jodie Foster,Cybill Shepherd,See full cast & crew",94,"1,068",284,85
Singin' in the Rain,8.3,"203,396",G,1h 43min,"Comedy,Musical,Romance",11 April 1952,USA,A silent film production company and cast make a difficult transition to sound.,"Stanley Donen,Gene Kelly","Betty Comden,Adolph Green","Gene Kelly,Donald O'Connor,Debbie Reynolds,See full cast & crew",99,620,151,"2,260"
Bicycle Thieves,8.3,"132,879",Not Rated,1h 29min,Drama,13 December 1949,USA,"In post-war Italy, a working-class man's bicycle is stolen. He and his son set out to find it.",Vittorio De Sica,"Cesare Zavattini,Luigi Bartolini,7 more credits","Lamberto Maggiorani,Enzo Staiola,Lianella Carell,See full cast & crew",,274,152,"4,940"
Scarface,8.3,"685,209",R,2h 50min,"Crime,Drama",9 December 1983,USA,"In 1980 Miami, a determined Cuban immigrant takes over a drug cartel and succumbs to greed.",Brian De Palma,,"Al Pacino,Michelle Pfeiffer,Steven Bauer,See full cast & crew",65,959,174,301
Amélie,8.3,"667,415",R,2h 2min,"Comedy,Romance",8 February 2002,USA,"Amélie is an innocent and naive girl in Paris with her own sense of justice. She decides to help those around her and, along the way, discovers love.",Jean-Pierre Jeunet,"Guillaume Laurant,Jean-Pierre Jeunet,1 more credit","Audrey Tautou,Mathieu Kassovitz,Rufus,See full cast & crew",69,"1,416",254,"1,057"
Snatch,8.3,"736,815",R,1h 42min,"Comedy,Crime",19 January 2001,USA,"Unscrupulous boxing promoters, violent bookmakers, a Russian gangster, incompetent amateur robbers and supposedly Jewish jewelers fight to track down a priceless stolen diamond.",Guy Ritchie,,"Jason Statham,Brad Pitt,Benicio Del Toro,See full cast & crew",55,791,166,397
North by Northwest,8.3,"279,638",Not Rated,2h 16min,"Adventure,Mystery,Thriller",26 September 1959,Japan,A New York City advertising executive goes on the run after being mistaken for a government agent by a group of foreign spies.,Alfred Hitchcock,,"Cary Grant,Eva Marie Saint,James Mason,See full cast & crew",98,571,165,"2,253"
The Kid,8.3,"102,217",Not Rated,1h 8min,"Comedy,Drama,Family",6 February 1921,USA,"The Tramp cares for an abandoned child, but events put that relationship in jeopardy.",Charles Chaplin,,"Charles Chaplin,Edna Purviance,Jackie Coogan,See full cast & crew",,150,98,
Full Metal Jacket,8.3,"629,164",R,1h 56min,"Drama,War",10 July 1987,USA,A pragmatic U.S. Marine observes the dehumanizing effects the Vietnam War has on his fellow recruits from their brutal boot camp training to the bloody street fighting in Hue.,Stanley Kubrick,"Stanley Kubrick,Michael Herr,2 more credits","Matthew Modine,R. Lee Ermey,Vincent D'Onofrio,See full cast & crew",76,805,149,351
A Clockwork Orange,8.3,"709,917",R,2h 16min,"Crime,Drama,Sci-Fi",2 February 1972,USA,"In the future, a sadistic gang leader is imprisoned and volunteers for a conduct-aversion experiment, but it doesn't go as planned.",Stanley Kubrick,"Stanley Kubrick,Anthony Burgess","Malcolm McDowell,Patrick Magee,Michael Bates,See full cast & crew",80,"1,488",171,448
Citizen Kane,8.3,"373,152",PG,1h 59min,"Drama,Mystery",5 September 1941,USA,"Following the death of publishing tycoon, Charles Foster Kane, reporters scramble to uncover the meaning of his final utterance; 'Rosebud'.",Orson Welles,"Herman J. Mankiewicz,Orson Welles","Orson Welles,Joseph Cotten,Dorothy Comingore,See full cast & crew",100,"1,374",265,"1,039"
The Hunt,8.3,"252,268",R,1h 55min,Drama,10 January 2013,Denmark,"A teacher lives a lonely life, all the while struggling over his son's custody. His life slowly gets better as he finds love and receives good news from his son, but his new luck is about to be brutally shattered by an innocent little lie.",Thomas Vinterberg,"Tobias Lindholm,Thomas Vinterberg","Mads Mikkelsen,Thomas Bo Larsen,Annika Wedderkopp,See full cast & crew",77,353,366,"1,207"
Eternal Sunshine of the Spotless Mind,8.3,"847,227",R,1h 48min,"Drama,Romance,Sci-Fi",19 March 2004,USA,"When their relationship turns sour, a couple undergoes a medical procedure to have each other erased from their memories.",Michel Gondry,"Charlie Kaufman,Michel Gondry,2 more credits","Jim Carrey,Kate Winslet,Tom Wilkinson,See full cast & crew",89,"1,714",287,693
Dangal,8.4,"132,781",Not Rated,2h 41min,"Action,Biography,Drama",21 December 2016,USA,Former wrestler,Nitesh Tiwari,"Piyush Gupta,Shreyas Jain,3 more credits","Aamir Khan,Sakshi Tanwar,Fatima Sana Shaikh,See full cast & crew",,345,55,"1,594"
Requiem for a Dream,8.3,"718,940",R,1h 42min,Drama,15 December 2000,USA,The drug-induced utopias of four Coney Island people are shattered when their addictions run deep.,Darren Aronofsky,"Hubert Selby Jr.,Hubert Selby Jr.,1 more credit","Ellen Burstyn,Jared Leto,Jennifer Connelly,See full cast & crew",68,"2,050",246,331
2001: A Space Odyssey,8.3,"560,403",G,2h 29min,"Adventure,Sci-Fi",12 May 1968,UK,"After discovering a mysterious artifact buried beneath the Lunar surface, mankind sets off on a quest to find its origins with help from intelligent supercomputer H.A.L. 9000.",Stanley Kubrick,"Stanley Kubrick,Arthur C. Clarke","Keir Dullea,Gary Lockwood,William Sylvester,See full cast & crew",82,"2,024",255,582
Vertigo,8.3,"332,322",PG,2h 8min,"Mystery,Romance,Thriller",22 May 1958,UK,A former police detective juggles wrestling with his personal demons and becoming obsessed with a hauntingly beautiful woman.,Alfred Hitchcock,"Alec Coppel,Samuel A. Taylor,2 more credits","James Stewart,Kim Novak,Barbara Bel Geddes,See full cast & crew",100,802,172,"1,193"
M,8.3,"132,560",Not Rated,1h 39min,"Crime,Mystery,Thriller",31 August 1931,Sweden,"When the police in a German city are unable to catch a child-murderer, other criminals join in the manhunt.",Fritz Lang,"Thea von Harbou,Fritz Lang","Peter Lorre,Ellen Widmann,Inge Landgut,See full cast & crew",,333,149,"3,016"
Good Will Hunting,8.3,"793,509",R,2h 6min,"Drama,Romance",9 January 1998,USA,"Will Hunting, a janitor at M.I.T., has a gift for mathematics, but needs help from a psychologist to find direction in his life.",Gus Van Sant,"Matt Damon,Ben Affleck","Robin Williams,Matt Damon,Ben Affleck,See full cast & crew",70,810,180,294
Reservoir Dogs,8.3,"857,026",R,1h 39min,"Crime,Drama,Thriller",2 September 1992,France,"When a simple jewelry heist goes horribly wrong, the surviving criminals begin to suspect that one of them is a police informant.",Quentin Tarantino,"Quentin Tarantino,Quentin Tarantino,1 more credit","Harvey Keitel,Tim Roth,Michael Madsen,See full cast & crew",79,"1,063",203,388
Inglourious Basterds,8.3,"1,166,934",R,2h 33min,"Adventure,Drama,War",21 August 2009,USA,"In Nazi-occupied France during World War II, a plan to assassinate Nazi leaders by a group of Jewish U.S. soldiers coincides with a theatre owner's vengeful plans for the same.",Quentin Tarantino,,"Brad Pitt,Diane Kruger,Eli Roth,See full cast & crew",69,"1,735",523,215
Amadeus,8.3,"346,489",R,2h 40min,"Biography,Drama,History",19 September 1984,USA,"The life, success and troubles of",Milos Forman,"Peter Shaffer,Peter Shaffer","F. Murray Abraham,Tom Hulce,Elizabeth Berridge,See full cast & crew",88,601,108,"1,002"
Sunset Blvd.,8.4,"185,537",Not Rated,1h 50min,"Drama,Film-Noir",29 September 1950,Australia,A screenwriter develops a dangerous relationship with a faded film star determined to make a triumphant return.,Billy Wilder,"Charles Brackett,Billy Wilder,1 more credit","William Holden,Gloria Swanson,Erich von Stroheim,See full cast & crew",,572,166,"2,680"
Paths of Glory,8.4,"162,547",Not Rated,1h 28min,"Drama,War",November 1957,West Germany,"After refusing to attack an enemy position, a general accuses the soldiers of cowardice and their commanding officer must defend them.",Stanley Kubrick,"Stanley Kubrick,Calder Willingham,2 more credits","Kirk Douglas,Ralph Meeker,Adolphe Menjou,See full cast & crew",,396,157,"2,986"
Princess Mononoke,8.4,"305,472",PG-13,2h 14min,"Animation,Adventure,Fantasy",19 December 1997,USA,"On a journey to find the cure for a Tatarigami's curse, Ashitaka finds himself in the middle of a war between the forest gods and Tatara, a mining colony. In this quest he also meets San, the Mononoke Hime.",Hayao Miyazaki,"Hayao Miyazaki,Neil Gaiman","Yôji Matsuda,Yuriko Ishida,Yûko Tanaka,See full cast & crew",76,647,196,"1,767"
WALL·E,8.4,"934,808",G,1h 38min,"Animation,Adventure,Family",27 June 2008,USA,"In the distant future, a small waste-collecting robot inadvertently embarks on a space journey that will ultimately decide the fate of mankind.",Andrew Stanton,"Andrew Stanton,Pete Docter,2 more credits","Ben Burtt,Elissa Knight,Jeff Garlin,See full cast & crew",95,"1,181",265,903
The Shining,8.4,"821,961",R,2h 26min,"Drama,Horror",13 June 1980,USA,"A family heads to an isolated hotel for the winter where a sinister presence influences the father into violence, while his psychic son sees horrific forebodings from both past and future.",Stanley Kubrick,"Stephen King,Stanley Kubrick,1 more credit","Jack Nicholson,Shelley Duvall,Danny Lloyd,See full cast & crew",66,"1,655",342,126
Spider-Man: Into the Spider-Verse,8.4,"281,026",PG,1h 57min,"Animation,Action,Adventure",14 December 2018,USA,"Teen Miles Morales becomes Spider-Man of his reality, crossing his path with five counterparts from other dimensions to stop a threat for all realities.","Bob Persichetti,Peter Ramsey,1 more credit","Phil Lord,Rodney Rothman,1 more credit","Shameik Moore,Jake Johnson,Hailee Steinfeld,See full cast & crew",87,"1,700",380,207
Avengers: Infinity War,8.5,"730,966",PG-13,2h 29min,"Action,Adventure,Sci-Fi",27 April 2018,USA,The Avengers and their allies must be willing to sacrifice all in an attempt to defeat the powerful Thanos before his blitz of devastation and ruin puts an end to the universe.,"Anthony Russo,Joe Russo","Christopher Markus,Stephen McFeely,14 more credits","Robert Downey Jr.,Chris Hemsworth,Mark Ruffalo,See full cast & crew",68,"4,127",593,169
The Lives of Others,8.4,"333,153",R,2h 17min,"Drama,Mystery,Thriller",30 March 2007,USA,"In 1984 East Berlin, an agent of the secret police, conducting surveillance on a writer and his lover, finds himself becoming increasingly absorbed by their lives.",Florian Henckel von Donnersmarck,,"Ulrich Mühe,Martina Gedeck,Sebastian Koch,See full cast & crew",89,460,218,"1,064"
The Great Dictator,8.5,"187,413",Passed,2h 5min,"Comedy,Drama,War",7 March 1941,USA,Dictator Adenoid Hynkel tries to expand his empire while a poor Jewish barber tries to avoid persecution from Hynkel's regime.,Charles Chaplin,,"Charles Chaplin,Paulette Goddard,Jack Oakie,See full cast & crew",,237,133,"3,929"
Django Unchained,8.4,"1,254,219",R,2h 45min,"Drama,Western",25 December 2012,USA,"With the help of a German bounty hunter, a freed slave sets out to rescue his wife from a brutal Mississippi plantation owner.",Quentin Tarantino,,"Jamie Foxx,Christoph Waltz,Leonardo DiCaprio,See full cast & crew",81,"1,406",831,308
Apocalypse Now,8.4,"565,468",R,2h 27min,"Drama,Mystery,War",15 August 1979,USA,A U.S. Army officer serving in Vietnam is tasked with assassinating a renegade Special Forces Colonel who sees himself as a god.,Francis Ford Coppola,"John Milius,Francis Ford Coppola,1 more credit","Martin Sheen,Marlon Brando,Robert Duvall,See full cast & crew",94,"1,120",315,192
Raiders of the Lost Ark,8.4,"833,089",PG,1h 55min,"Action,Adventure",12 June 1981,USA,"In 1936, archaeologist and adventurer Indiana Jones is hired by the U.S. government to find the Ark of the Covenant before",Steven Spielberg,"Lawrence Kasdan,George Lucas,1 more credit","Harrison Ford,Karen Allen,Paul Freeman,See full cast & crew",85,866,244,499
Memento,8.4,"1,055,914",R,1h 53min,"Mystery,Thriller",25 May 2001,USA,A man with short-term memory loss attempts to track down his wife's murderer.,Christopher Nolan,"Christopher Nolan,Jonathan Nolan","Guy Pearce,Carrie-Anne Moss,Joe Pantoliano,See full cast & crew",80,"2,169",203,714
Cinema Paradiso,8.5,"209,505",R,2h 35min,Drama,23 February 1990,USA,A filmmaker recalls his childhood when falling in love with the pictures at the cinema of his home village and forms a deep friendship with the cinema's projectionist.,Giuseppe Tornatore,"Giuseppe Tornatore,Giuseppe Tornatore,2 more credits","Philippe Noiret,Enzo Cannavale,Antonella Attili,See full cast & crew",80,461,112,"2,354"
Alien,8.4,"736,102",R,1h 57min,"Horror,Sci-Fi",22 June 1979,USA,"After a space merchant vessel perceives an unknown transmission as a distress call, its landing on the source moon finds one of the crew attacked by a mysterious lifeform, and they soon realize that its life cycle has merely begun.",Ridley Scott,"Dan O'Bannon,Dan O'Bannon,1 more credit","Sigourney Weaver,Tom Skerritt,John Hurt,See full cast & crew",89,"1,359",450,387
Rear Window,8.4,"411,999",PG,1h 52min,"Mystery,Thriller",September 1954,USA,A wheelchair-bound photographer spies on his neighbors from his apartment window and becomes convinced one of them has committed murder.,Alfred Hitchcock,"John Michael Hayes,Cornell Woolrich","James Stewart,Grace Kelly,Wendell Corey,See full cast & crew",100,775,145,"1,149"
Grave of the Fireflies,8.5,"207,307",Not Rated,1h 29min,"Animation,Drama,War",26 July 1989,USA,A young boy and his little sister struggle to survive in Japan during World War II.,Isao Takahata,"Akiyuki Nosaka,Isao Takahata","Tsutomu Tatsumi,Ayano Shiraishi,Akemi Yamaguchi,See full cast & crew",,635,118,"1,626"
Casablanca,8.5,"489,309",PG,1h 42min,"Drama,Romance,War",23 January 1943,USA,A cynical American expatriate struggles to decide whether or not he should help his former lover and her fugitive husband escape French Morocco.,Michael Curtiz,"Julius J. Epstein,Philip G. Epstein,3 more credits","Humphrey Bogart,Ingrid Bergman,Paul Henreid,See full cast & crew",100,"1,235",186,968
Once Upon a Time in the West,8.5,"280,541",PG-13,2h 45min,Western,4 July 1969,USA,A mysterious stranger with a harmonica joins forces with a notorious desperado to protect a beautiful widow from a ruthless assassin working for the railroad.,Sergio Leone,"Sergio Donati,Sergio Leone,3 more credits","Henry Fonda,Charles Bronson,Claudia Cardinale,See full cast & crew",80,653,144,321
The Departed,8.5,"1,108,297",R,2h 31min,"Crime,Drama,Thriller",6 October 2006,USA,An undercover cop and a mole in the police attempt to identify each other while infiltrating an Irish gang in South Boston.,Martin Scorsese,"William Monahan,Alan Mak,1 more credit","Leonardo DiCaprio,Matt Damon,Jack Nicholson,See full cast & crew",85,"2,219",357,147
Whiplash,8.5,"645,668",R,1h 46min,"Drama,Music",15 October 2014,Philippines,A promising young drummer enrolls at a cut-throat music conservatory where his dreams of greatness are mentored by an instructor who will stop at nothing to realize a student's potential.,Damien Chazelle,,"Miles Teller,J.K. Simmons,Melissa Benoist,See full cast & crew",88,"1,083",569,345
The Prestige,8.5,"1,099,216",PG-13,2h 10min,"Drama,Mystery,Sci-Fi",20 October 2006,USA,"After a tragic accident, two stage magicians engage in a battle to create the ultimate illusion while sacrificing everything they have to outwit each other.",Christopher Nolan,"Jonathan Nolan,Christopher Nolan,1 more credit","Christian Bale,Hugh Jackman,Scarlett Johansson,See full cast & crew",66,"1,290",368,400
Gladiator,8.5,"1,251,153",R,2h 35min,"Action,Adventure,Drama",5 May 2000,USA,A former Roman General sets out to exact vengeance against the corrupt emperor who murdered his family and sent him into slavery.,Ridley Scott,"David Franzoni,David Franzoni,2 more credits","Russell Crowe,Joaquin Phoenix,Connie Nielsen,See full cast & crew",67,"2,547",249,214
City Lights,8.5,"153,388",G,1h 27min,"Comedy,Drama,Romance",7 March 1931,USA,"With the aid of a wealthy erratic tippler, a dewy-eyed tramp who has fallen in love with a sightless flower girl accumulates money to be able to help her medically.",Charles Chaplin,,"Charles Chaplin,Virginia Cherrill,Florence Lee,See full cast & crew",99,271,120,"4,821"
The Intouchables,8.5,"701,176",R,1h 52min,"Biography,Comedy,Drama",2 November 2011,France,"After he becomes a quadriplegic from a paragliding accident, an aristocrat hires a young man from the projects to be his caregiver.","Olivier Nakache,Éric Toledano","Olivier Nakache,Philippe Pozzo di Borgo,1 more credit","François Cluzet,Omar Sy,Anne Le Ny,See full cast & crew",57,544,319,923
Avengers: Endgame,8.5,"618,599",PG-13,3h 1min,"Action,Adventure,Drama",26 April 2019,USA,After the devastating events of,"Anthony Russo,Joe Russo","Christopher Markus,Stephen McFeely,14 more credits","Robert Downey Jr.,Chris Evans,Mark Ruffalo,See full cast & crew",78,"8,411",533,32
Psycho,8.5,"557,465",R,1h 49min,"Horror,Mystery,Thriller",8 September 1960,USA,"A Phoenix secretary embezzles forty thousand dollars from her employer's client, goes on the run, and checks into a remote motel run by a young man under the domination of his mother.",Alfred Hitchcock,"Joseph Stefano,Robert Bloch","Anthony Perkins,Janet Leigh,Vera Miles,See full cast & crew",97,"1,203",235,638
Modern Times,8.5,"199,050",G,1h 27min,"Comedy,Drama,Family",25 February 1936,USA,The Tramp struggles to live in modern industrial society with the help of a young homeless woman.,Charles Chaplin,,"Charles Chaplin,Paulette Goddard,Henry Bergman,See full cast & crew",96,263,146,"3,670"
Back to the Future,8.5,"969,314",PG,1h 56min,"Adventure,Comedy,Sci-Fi",3 July 1985,USA,"Marty McFly, a 17-year-old high school student, is accidentally sent thirty years into the past in a time-traveling DeLorean invented by his close friend, the eccentric scientist Doc Brown.",Robert Zemeckis,"Robert Zemeckis,Bob Gale","Michael J. Fox,Christopher Lloyd,Lea Thompson,See full cast & crew",87,"1,057",233,311
The Pianist,8.5,"668,328",R,2h 30min,"Biography,Drama,Music",28 March 2003,USA,A Polish Jewish musician struggles to survive the destruction of the Warsaw ghetto of World War II.,Roman Polanski,"Ronald Harwood,Wladyslaw Szpilman","Adrien Brody,Thomas Kretschmann,Frank Finlay,See full cast & crew",85,841,190,635
Terminator 2: Judgment Day,8.5,"938,350",R,2h 17min,"Action,Sci-Fi",3 July 1991,USA,"A cyborg, identical to the one who failed to kill Sarah Connor, must now protect her teenage son, John Connor, from a more advanced and powerful cyborg.",James Cameron,"James Cameron,William Wisher","Arnold Schwarzenegger,Linda Hamilton,Edward Furlong,See full cast & crew",75,"1,191",289,404
American History X,8.5,"977,147",R,1h 59min,Drama,20 November 1998,USA,A former neo-nazi skinhead tries to prevent his younger brother from going down the same wrong path that he did.,Tony Kaye,,"Edward Norton,Edward Furlong,Beverly D'Angelo,See full cast & crew",62,"1,523",168,327
The Lion King,8.5,"875,561",G,1h 28min,"Animation,Adventure,Drama",24 June 1994,USA,"A Lion cub crown prince is tricked by a treacherous uncle into thinking he caused his father's death and flees into exile in despair, only to learn in adulthood his identity and his responsibilities.","Roger Allers,Rob Minkoff","Irene Mecchi,Jonathan Roberts,27 more credits","Matthew Broderick,Jeremy Irons,James Earl Jones,See full cast & crew",88,912,226,198
Harakiri,8.7,"28,566",Not Rated,2h 13min,"Drama,History",4 August 1964,USA,"When a ronin requesting seppuku at a feudal lord's palace is told of the brutal suicide of another ronin who previously visited, he reveals how their pasts are intertwined - and in doing so challenges the clan's integrity.",Masaki Kobayashi,"Yasuhiko Takiguchi,Shinobu Hashimoto","Tatsuya Nakadai,Akira Ishihama,Shima Iwashita,See full cast & crew",85,217,87,"2,255"
Parasite,8.6,"97,411",R,2h 12min,"Comedy,Drama,Thriller",8 November 2019,USA,"All unemployed, Ki-taek and his family take peculiar interest in the wealthy and glamorous Parks, as they ingratiate themselves into their lives and get entangled in an unexpected incident.",Bong Joon Ho,"Bong Joon Ho,Bong Joon Ho,2 more credits","Kang-ho Song,Sun-kyun Lee,Yeo-jeong Jo,See full cast & crew",96,501,323,16
The Green Mile,8.6,"1,054,858",R,3h 9min,"Crime,Drama,Fantasy",10 December 1999,USA,"The lives of guards on Death Row are affected by one of their charges: a black man accused of child murder and rape, yet who has a mysterious gift.",Frank Darabont,"Stephen King,Frank Darabont","Tom Hanks,Michael Clarke Duncan,David Morse,See full cast & crew",61,"1,584",201,325
Interstellar,8.6,"1,354,829",PG-13,2h 49min,"Adventure,Drama,Sci-Fi",7 November 2014,USA,A team of explorers travel through a wormhole in space in an attempt to ensure humanity's survival.,Christopher Nolan,"Jonathan Nolan,Christopher Nolan","Matthew McConaughey,Anne Hathaway,Jessica Chastain,See full cast & crew",74,"3,599",612,141
Spirited Away,8.6,"579,670",PG,2h 5min,"Animation,Adventure,Family",28 March 2003,USA,"During her family's move to the suburbs, a sullen 10-year-old girl wanders into a world ruled by gods, witches, and spirits, and where humans are changed into beasts.",Hayao Miyazaki,,"Daveigh Chase,Suzanne Pleshette,Miyu Irino,See full cast & crew",96,"1,102",277,597
The Usual Suspects,8.5,"931,504",R,1h 46min,"Crime,Mystery,Thriller",15 September 1995,USA,"A sole survivor tells of the twisty events leading up to a horrific gun battle on a boat, which began when five criminals met at a seemingly random police lineup.",Bryan Singer,,"Kevin Spacey,Gabriel Byrne,Chazz Palminteri,See full cast & crew",77,"1,286",174,606
Léon: The Professional,8.5,"959,462",R,1h 50min,"Action,Crime,Drama",18 November 1994,USA,"Mathilda, a 12-year-old girl, is reluctantly taken in by Léon, a professional assassin, after her family is murdered. An unusual relationship forms as she becomes his protégée and learns the assassin's trade.",Luc Besson,,"Jean Reno,Gary Oldman,Natalie Portman,See full cast & crew",64,"1,047",131,275
Star Wars: Episode IV - A New Hope,8.6,"1,152,112",PG,2h 1min,"Action,Adventure,Fantasy",25 May 1977,USA,"Luke Skywalker joins forces with a Jedi Knight, a cocky pilot, a Wookiee and two droids to save the galaxy from the Empire's world-destroying battle station, while also attempting to rescue Princess Leia from the mysterious Darth Vader.",George Lucas,,"Mark Hamill,Harrison Ford,Carrie Fisher,See full cast & crew",90,"1,708",173,86
It's a Wonderful Life,8.6,"368,647",Not Rated,2h 10min,"Drama,Family,Fantasy",7 January 1947,USA,An angel is sent from Heaven to help a desperately frustrated businessman by showing him what life would have been like if he had never existed.,Frank Capra,"Frances Goodrich,Albert Hackett,3 more credits","James Stewart,Donna Reed,Lionel Barrymore,See full cast & crew",89,866,168,53
Life Is Beautiful,8.6,"573,233",PG-13,1h 56min,"Comedy,Drama,Romance",12 February 1999,USA,"When an open-minded Jewish librarian and his son become victims of the Holocaust, he uses a perfect mixture of will, humor, and imagination to protect his son from the dangers around their camp.",Roberto Benigni,"Vincenzo Cerami,Roberto Benigni","Roberto Benigni,Nicoletta Braschi,Giorgio Cantarini,See full cast & crew",59,"1,213",161,790
Saving Private Ryan,8.6,"1,148,298",R,2h 49min,"Drama,War",24 July 1998,USA,"Following the Normandy Landings, a group of U.S. soldiers go behind enemy lines to retrieve a paratrooper whose brothers have been killed in action.",Steven Spielberg,,"Tom Hanks,Matt Damon,Tom Sizemore,See full cast & crew",91,"2,467",264,420
Seven Samurai,8.6,"293,404",Not Rated,3h 27min,"Action,Adventure,Drama",19 November 1956,USA,A poor village under attack by bandits recruits seven unemployed samurai to help them defend themselves.,Akira Kurosawa,"Akira Kurosawa,Shinobu Hashimoto,1 more credit","Toshirô Mifune,Takashi Shimura,Keiko Tsushima,See full cast & crew",98,658,122,628
City of God,8.6,"661,218",R,2h 10min,"Crime,Drama",13 February 2004,USA,"In the slums of Rio, two kids' paths diverge as one struggles to become a photographer and the other a kingpin.","Fernando Meirelles,Kátia Lund","Paulo Lins,Bráulio Mantovani","Alexandre Rodrigues,Leandro Firmino,Matheus Nachtergaele,See full cast & crew",79,946,223,817
The Silence of the Lambs,8.6,"1,174,617",R,1h 58min,"Crime,Drama,Thriller",14 February 1991,USA,"A young F.B.I. cadet must receive the help of an incarcerated and manipulative cannibal killer to help catch another serial killer, a madman who skins his victims.",Jonathan Demme,"Thomas Harris,Ted Tally","Jodie Foster,Anthony Hopkins,Lawrence A. Bonney,See full cast & crew",85,"1,153",209,277
Se7en,8.6,"1,332,868",R,2h 7min,"Crime,Drama,Mystery",22 September 1995,USA,"Two detectives, a rookie and a veteran, hunt a serial killer who uses the seven deadly sins as his motives.",David Fincher,,"Morgan Freeman,Brad Pitt,Kevin Spacey,See full cast & crew",65,"1,307",260,227
One Flew Over the Cuckoo's Nest,8.7,"855,825",R,2h 13min,Drama,19 November 1975,USA,"A criminal pleads insanity and is admitted to a mental institution, where he rebels against the oppressive nurse and rallies up the scared patients.",Milos Forman,"Lawrence Hauben,Bo Goldman,2 more credits","Jack Nicholson,Louise Fletcher,Will Sampson,See full cast & crew",83,890,166,450
Joker,8.7,"517,310",R,2h 2min,"Crime,Drama,Thriller",4 October 2019,USA,"In Gotham City, mentally troubled comedian Arthur Fleck is disregarded and mistreated by society. He then embarks on a downward spiral of revolution and bloody crime. This path brings him face-to-face with his alter-ego: the Joker.",Todd Phillips,"Todd Phillips,Scott Silver,3 more credits","Joaquin Phoenix,Robert De Niro,Zazie Beetz,See full cast & crew",59,"8,203",586,8
The Matrix,8.7,"1,560,514",R,2h 16min,"Action,Sci-Fi",31 March 1999,USA,A computer hacker learns from mysterious rebels about the true nature of his reality and his role in the war against its controllers.,"Lana Wachowski,Lilly Wachowski","Lilly Wachowski,Lana Wachowski","Keanu Reeves,Laurence Fishburne,Carrie-Anne Moss,See full cast & crew",73,"4,080",337,167
Goodfellas,8.7,"940,076",R,2h 26min,"Biography,Crime,Drama",21 September 1990,USA,"The story of Henry Hill and his life in the mob, covering his relationship with his wife Karen Hill and his mob partners Jimmy Conway and Tommy DeVito in the Italian-American crime syndicate.",Martin Scorsese,"Nicholas Pileggi,Nicholas Pileggi,1 more credit","Robert De Niro,Ray Liotta,Joe Pesci,See full cast & crew",90,"1,169",230,41
The Lord of the Rings: The Two Towers,8.7,"1,391,976",PG-13,2h 59min,"Adventure,Drama,Fantasy",18 December 2002,USA,"While Frodo and Sam edge closer to Mordor with the help of the shifty Gollum, the divided fellowship makes a stand against Sauron's new ally, Saruman, and his hordes of Isengard.",Peter Jackson,"J.R.R. Tolkien,Fran Walsh,3 more credits","Elijah Wood,Ian McKellen,Viggo Mortensen,See full cast & crew",87,"2,489",316,567
Star Wars: Episode V - The Empire Strikes Back,8.7,"1,083,411",PG,2h 4min,"Action,Adventure,Fantasy",20 June 1980,USA,"After the Rebels are brutally overpowered by the Empire on the ice planet Hoth, Luke Skywalker begins Jedi training with Yoda, while his friends are pursued by Darth Vader and a bounty hunter named Boba Fett all over the galaxy",Irvin Kershner,"Leigh Brackett,Lawrence Kasdan,1 more credit","Mark Hamill,Harrison Ford,Carrie Fisher,See full cast & crew",82,"1,116",205,168
Forrest Gump,8.8,"1,669,457",PG-13,2h 22min,"Drama,Romance",6 July 1994,USA,"The presidencies of Kennedy and Johnson, the events of Vietnam, Watergate, and other history unfold through the perspective of an Alabama man with an IQ of 75.",Robert Zemeckis,"Winston Groom,Eric Roth","Tom Hanks,Robin Wright,Gary Sinise,See full cast & crew",82,"2,060",163,251
Inception,8.8,"1,900,003",PG-13,2h 28min,"Action,Adventure,Sci-Fi",16 July 2010,USA,A thief who steals corporate secrets through the use of dream-sharing technology is given the inverse task of planting an idea into the mind of a C.E.O.,Christopher Nolan,,"Leonardo DiCaprio,Joseph Gordon-Levitt,Ellen Page,See full cast & crew",74,"3,451",463,180
The Lord of the Rings: The Fellowship of the Ring,8.8,"1,554,106",PG-13,2h 58min,"Adventure,Drama,Fantasy",19 December 2001,USA,A meek Hobbit from the Shire and eight companions set out on a journey to destroy the powerful One Ring and save Middle-earth from the Dark Lord Sauron.,Peter Jackson,"J.R.R. Tolkien,Fran Walsh,2 more credits","Elijah Wood,Ian McKellen,Orlando Bloom,See full cast & crew",92,"5,223",330,164
"The Good, the Bad and the Ugly",8.8,"643,411",R,2h 58min,Western,29 December 1967,USA,A bounty hunting scam joins two men in an uneasy alliance against a third in a race to find a fortune in gold buried in a remote cemetery.,Sergio Leone,"Luciano Vincenzoni,Sergio Leone,4 more credits","Clint Eastwood,Eli Wallach,Lee Van Cleef,See full cast & crew",90,988,202,555
Fight Club,8.8,"1,731,756",R,2h 19min,Drama,15 October 1999,USA,"An insomniac office worker and a devil-may-care soapmaker form an underground fight club that evolves into something much, much more.",David Fincher,"Chuck Palahniuk,Jim Uhls","Brad Pitt,Edward Norton,Meat Loaf,See full cast & crew",66,"3,513",365,249
Pulp Fiction,8.9,"1,701,916",R,2h 34min,"Crime,Drama",14 October 1994,USA,"The lives of two mob hitmen, a boxer, a gangster and his wife, and a pair of diner bandits intertwine in four tales of violence and redemption.",Quentin Tarantino,"Quentin Tarantino,Roger Avary,1 more credit","John Travolta,Uma Thurman,Samuel L. Jackson,See full cast & crew",94,"2,788",280,144
Schindler's List,8.9,"1,126,729",R,3h 15min,"Biography,Drama,History",4 February 1994,USA,"In German-occupied Poland during World War II, industrialist",Steven Spielberg,"Thomas Keneally,Steven Zaillian","Liam Neeson,Ralph Fiennes,Ben Kingsley,See full cast & crew",94,"1,657",221,260
The Lord of the Rings: The Return of the King,8.9,"1,539,888",PG-13,3h 21min,"Adventure,Drama,Fantasy",17 December 2003,USA,Gandalf and Aragorn lead the World of Men against Sauron's army to draw his gaze from Frodo and Sam as they approach Mount Doom with the One Ring.,Peter Jackson,"J.R.R. Tolkien,Fran Walsh,2 more credits","Elijah Wood,Viggo Mortensen,Ian McKellen,See full cast & crew",94,"3,530",348,317
12 Angry Men,8.9,"623,630",Not Rated,1h 36min,Drama,10 April 1957,USA,A jury holdout attempts to prevent a miscarriage of justice by forcing his colleagues to reconsider the evidence.,Sidney Lumet,"Reginald Rose,Reginald Rose","Henry Fonda,Lee J. Cobb,Martin Balsam,See full cast & crew",96,"1,381",216,454
The Godfather: Part II,9.0,"1,038,919",R,3h 22min,"Crime,Drama",20 December 1974,USA,"The early life and career of Vito Corleone in 1920s New York City is portrayed, while his son, Michael, expands and tightens his grip on the family crime syndicate.",Francis Ford Coppola,"Francis Ford Coppola,Mario Puzo,1 more credit","Al Pacino,Robert De Niro,Robert Duvall,See full cast & crew",90,869,172,130
The Dark Knight,9.0,"2,145,172",PG-13,2h 32min,"Action,Crime,Drama",18 July 2008,USA,"When the menace known as the Joker wreaks havoc and chaos on the people of Gotham, Batman must accept one of the greatest psychological and physical tests of his ability to fight injustice.",Christopher Nolan,"Jonathan Nolan,Christopher Nolan,3 more credits","Christian Bale,Heath Ledger,Aaron Eckhart,See full cast & crew",84,"6,402",418,109
The Godfather,9.2,"1,489,515",R,2h 55min,"Crime,Drama",24 March 1972,USA,The aging patriarch of an organized crime dynasty transfers control of his clandestine empire to his reluctant son.,Francis Ford Coppola,"Mario Puzo,Francis Ford Coppola,1 more credit","Marlon Brando,Al Pacino,James Caan,See full cast & crew",100,"3,404",242,52
